Customer ID,frequency,recency,monetary
14911.0,205,0,152121.22
17850.0,155,7,51208.87
12748.0,144,0,22457.9
15311.0,121,0,55942.74
13089.0,109,3,57885.45
14606.0,102,1,18482.1
14156.0,100,6,191267.73
13694.0,94,8,131443.19
17841.0,91,0,29562.02
18102.0,89,0,349164.35
15061.0,86,2,83284.38
14646.0,78,9,248396.5
17949.0,73,6,51132.0
14527.0,69,0,19257.08
17961.0,62,7,1697.85
17377.0,60,0,14174.25
16422.0,59,4,28904.670000000002
13798.0,54,7,38683.02
12471.0,49,9,20129.54
13093.0,48,8,47111.18
16029.0,47,7,41184.3
15039.0,47,3,19960.3
17448.0,46,132,14523.67
13408.0,46,6,23616.422
17243.0,44,4,11920.43
14680.0,43,6,28615.27
12931.0,42,15,50291.38
12835.0,41,62,5996.83
17675.0,40,2,17885.32
16168.0,40,4,6848.87
16013.0,39,6,20009.84
13767.0,39,4,18320.170000000002
17920.0,39,3,20137.24
12921.0,39,1,19333.95
13468.0,38,3,7670.54
14298.0,38,10,39667.19
13777.0,37,1,30501.260000000002
13564.0,35,3,15310.35
13319.0,34,0,11236.95
12971.0,33,1,4782.88
16779.0,32,1,22554.22
13078.0,32,1,16904.510000000002
18172.0,32,22,9905.56
14667.0,31,0,12418.01
15768.0,31,111,14687.06
17511.0,31,2,84541.17
13199.0,30,1,6615.77
15005.0,29,1,7681.71
12482.0,29,211,23691.4
16754.0,29,7,65500.07
17677.0,28,1,20329.68
17757.0,28,3,3773.11
14031.0,27,0,23632.72
17068.0,27,3,4601.69
17389.0,27,9,25381.65
12647.0,27,2,14201.53
16684.0,27,14,80489.21
15291.0,26,8,9178.26
15581.0,26,1,4076.9700000000003
15856.0,26,0,17703.63
15738.0,26,7,8560.550000000001
16782.0,26,0,7732.37
17865.0,26,10,15785.87
16161.0,25,3,7210.59
16549.0,24,32,8746.9
12681.0,24,2,17080.74
14735.0,24,23,6174.47
15615.0,24,25,10974.23
16746.0,24,18,11366.64
16133.0,23,11,8403.22
13881.0,23,10,28019.58
14543.0,23,15,10988.14
14040.0,23,21,8963.49
12682.0,23,0,11745.69
17576.0,23,0,5266.7699999999995
18231.0,23,41,4782.400000000001
15078.0,23,3,8018.77
17085.0,23,11,6285.27
16525.0,23,1,11535.29
14560.0,22,14,3876.2599999999998
16705.0,22,35,29480.061
15555.0,22,0,7267.83
15898.0,22,2,4129.26
15358.0,22,0,8703.210000000001
12843.0,22,17,4881.1
14849.0,21,8,7832.91
14952.0,21,31,9529.86
15984.0,21,3,5735.09
15769.0,21,6,32451.6
14110.0,21,70,7304.8
16553.0,21,31,10864.19
17848.0,21,52,2657.91
12437.0,21,30,7731.99
17372.0,20,16,3010.13
13001.0,20,39,14256.68
12709.0,20,1,21107.94
14590.0,20,59,2993.37
18041.0,20,0,4536.29
15260.0,20,7,7377.46
17581.0,20,7,7712.71
14299.0,19,0,10533.87
17696.0,19,17,5393.88
16210.0,19,3,17403.21
15498.0,19,1,12633.18
18061.0,19,1,4369.56
16843.0,19,57,9374.86
13050.0,19,1,6477.67
14739.0,19,2,8385.22
13081.0,19,6,30867.77
16558.0,19,1,5535.02
17858.0,19,4,7614.24
15044.0,18,14,8389.42
13969.0,18,0,4266.88
13004.0,18,21,5994.94
17428.0,18,3,14562.91
16883.0,18,6,2101.61
12989.0,18,59,6627.64
16713.0,18,1,7619.21
13097.0,18,23,7320.88
17884.0,18,3,2325.92
15719.0,18,16,5165.9
15808.0,18,4,14482.03
14895.0,18,18,13980.83
15093.0,18,7,9729.09
17969.0,18,137,2126.09
15513.0,18,0,12992.33
13491.0,18,7,3350.7400000000002
13267.0,18,1,5236.77
16019.0,18,16,13542.92
13013.0,18,6,7814.83
13999.0,17,9,5600.45
13230.0,17,0,3457.83
17888.0,17,9,1091.44
17965.0,17,0,4558.01
13542.0,17,11,3959.4900000000002
15601.0,17,7,8183.56
15867.0,17,4,5224.81
16497.0,17,48,3729.59
13047.0,17,8,5557.62
17364.0,17,11,7510.24
17157.0,17,115,4832.9
17706.0,17,1,10245.49
17238.0,17,6,3982.66
12841.0,17,4,3472.61
18260.0,17,9,7318.91
14085.0,16,3,5607.43
13802.0,16,9,21659.69
12540.0,16,13,8854.25
15838.0,16,2,24701.52
15827.0,16,7,1957.98
14878.0,16,11,2600.41
13069.0,16,4,5185.51
16353.0,16,4,3323.75
17287.0,16,2,3000.5
12747.0,16,4,5061.03
16814.0,16,4,5781.4400000000005
16103.0,16,24,4762.07
12621.0,16,0,11086.14
14258.0,16,30,19381.36
18087.0,15,14,10705.8
13418.0,15,7,6055.47
14194.0,15,27,7321.07
18226.0,15,13,6650.83
18225.0,15,0,7539.84
16656.0,15,55,8207.37
15523.0,15,23,16847.18
13854.0,15,0,4144.44
15640.0,15,7,11411.92
18065.0,15,23,3473.8
14648.0,15,51,4466.65
16186.0,15,7,5019.17
14134.0,15,17,11123.35
17416.0,15,28,10405.03
17231.0,15,24,3940.08
15465.0,15,4,5281.53
15527.0,15,29,3126.36
14051.0,15,1,6784.01
16550.0,14,3,7069.27
13327.0,14,0,6251.71
13668.0,14,18,6638.650000000001
17589.0,14,20,11433.77
13148.0,14,24,4814.56
13269.0,14,4,3545.47
15874.0,14,22,6878.88
13102.0,14,0,5272.83
13113.0,14,1,6357.08
12422.0,14,29,4428.24
17873.0,14,8,4621.32
13963.0,14,2,2347.33
15194.0,14,3,4811.16
13571.0,14,17,2448.32
14344.0,14,2,2443.77
16945.0,14,28,4202.66
15570.0,14,4,5105.32
14755.0,14,16,4962.27
12949.0,14,17,11359.48
16919.0,14,3,2515.76
13599.0,14,1,5013.96
15270.0,14,35,6145.37
18008.0,14,50,17642.89
16125.0,14,2,4292.35
16170.0,14,30,4983.95
14030.0,14,1,5839.46
16011.0,14,1,2486.0
14045.0,13,8,9653.279999999999
18109.0,13,4,1828.24
14961.0,13,14,9365.47
14060.0,13,1,3378.66
13090.0,13,0,5189.32
15015.0,13,136,2354.97
17611.0,13,56,4376.41
13206.0,13,35,8308.19
14702.0,13,0,3427.44
15805.0,13,20,4660.75
13317.0,13,20,4212.411
15633.0,13,144,4335.96
16700.0,13,1,4091.16
16701.0,13,58,4518.43
16710.0,13,3,3823.78
15611.0,13,18,1405.83
13027.0,13,20,10327.2
12839.0,13,2,4480.31
12823.0,13,29,4742.0
16742.0,13,127,2334.97
17139.0,13,24,8915.99
17716.0,13,31,10300.98
16928.0,13,8,1199.08
16923.0,13,10,6088.05
13715.0,13,7,7348.3
18245.0,13,14,3757.92
13831.0,13,4,4795.09
12431.0,13,8,4370.52
14825.0,13,3,2698.17
17017.0,13,0,5416.349999999999
16985.0,13,11,5459.04
15981.0,13,36,5954.29
14422.0,13,9,6007.88
12472.0,13,4,11308.48
12474.0,13,13,5048.66
16444.0,13,25,2971.21
12583.0,13,8,7166.0599999999995
14867.0,13,30,2241.78
17913.0,12,35,3020.64
15298.0,12,1,4659.47
15750.0,12,1,4330.461
17241.0,12,20,2736.64
13426.0,12,17,4526.06
13117.0,12,0,1658.8999999999999
16008.0,12,17,4860.35
14062.0,12,9,15120.800000000001
14113.0,12,10,5252.1900000000005
13141.0,12,20,5267.33
13162.0,12,15,7587.2
17402.0,12,4,2461.68
14291.0,12,15,4020.85
12980.0,12,21,8870.880000000001
15885.0,12,18,1572.47
15144.0,12,14,5579.87
14249.0,12,45,5400.461
17975.0,12,1,2527.17
16592.0,12,10,3694.23
13590.0,12,10,4354.12
17346.0,12,8,2509.84
16458.0,12,10,2208.15
15129.0,12,20,3412.78
14709.0,12,14,3965.29
15694.0,12,0,4331.41
17612.0,12,14,3346.41
17460.0,12,7,1605.8400000000001
13082.0,12,59,3722.12
18223.0,12,22,7516.31
17381.0,12,3,19726.76
17469.0,12,35,3180.28
14852.0,12,59,3295.7400000000002
15547.0,12,11,5146.45
14882.0,12,25,2956.9500000000003
12600.0,12,6,2444.88
15544.0,12,7,4615.72
12476.0,12,31,7267.49
12523.0,12,9,2562.58
13952.0,12,15,9572.45
12939.0,12,14,13683.0
17931.0,12,32,2993.88
14395.0,12,7,4630.7
16351.0,12,46,3176.13
15953.0,11,4,1990.8
16393.0,11,4,2441.61
16607.0,11,34,2359.16
17307.0,11,30,3999.8900000000003
14210.0,11,6,3955.6800000000003
13634.0,11,9,3486.41
13394.0,11,14,4101.68
15785.0,11,14,3640.96
18168.0,11,7,2538.7599999999998
12346.0,11,164,372.86
17739.0,11,9,4939.24
12836.0,11,24,3949.37
15751.0,11,95,1380.44
15755.0,11,14,3628.87
17160.0,11,9,6691.13
13576.0,11,8,4834.400000000001
16401.0,11,14,2750.83
14505.0,11,39,6019.65
15218.0,11,24,5711.9400000000005
17191.0,11,3,2726.77
17091.0,11,2,3961.44
14282.0,11,2,4120.32
14732.0,11,27,2814.58
15369.0,11,127,6251.26
16722.0,11,1,4258.2699999999995
13557.0,11,50,2448.2
12483.0,11,13,2612.2000000000003
14713.0,11,0,2752.5099999999998
13911.0,11,14,1654.08
13941.0,11,7,6009.34
16905.0,11,6,1923.57
16839.0,11,4,5716.14
17809.0,11,6,5925.4800000000005
16327.0,11,4,6874.97
12417.0,11,45,3148.31
17894.0,11,1,1292.39
17406.0,11,1,2704.63
17044.0,11,9,11013.82
13769.0,11,2,3003.9100000000003
12490.0,11,13,4405.71
13488.0,11,2,6619.57
14796.0,11,1,2865.05
16954.0,11,14,3996.7999999999997
13446.0,11,65,3881.89
12872.0,11,0,3062.52
15998.0,11,28,5193.92
16126.0,11,14,8356.83
14135.0,11,2,4953.61
16191.0,11,10,10497.300000000001
16156.0,11,17,3096.14
16200.0,10,17,4539.23
13534.0,10,14,1850.82
14907.0,10,2,2664.69
14092.0,10,9,3152.54
17663.0,10,52,3372.92
17412.0,10,7,3159.46
12712.0,10,0,2797.53
16326.0,10,18,1682.03
13561.0,10,32,1661.54
13174.0,10,4,6621.6
18075.0,10,9,3171.54
16258.0,10,22,6739.01
13485.0,10,11,2564.98
17700.0,10,16,4145.33
13178.0,10,32,8333.72
13758.0,10,1,6226.43
13756.0,10,2,3999.2300000000005
13993.0,10,14,3309.35
13983.0,10,1,4479.82
17049.0,10,10,4287.5
15023.0,10,4,5287.64
15860.0,10,3,1498.8
17146.0,10,70,5102.86
13552.0,10,63,3208.85
15271.0,10,0,2146.95
15031.0,10,29,2449.75
16570.0,10,14,3695.91
15046.0,10,60,2533.37
14047.0,10,7,2946.42
16556.0,10,10,4698.79
13044.0,10,127,4287.58
17646.0,10,0,3141.4
14530.0,10,31,3226.76
18229.0,10,1,3526.81
15013.0,10,122,1610.82
13659.0,10,51,3321.68
16918.0,10,57,2137.72
16858.0,10,3,4292.59
17838.0,10,0,3786.7000000000003
12986.0,10,63,2729.84
17905.0,10,8,1580.3799999999999
14461.0,10,17,4573.85
15222.0,10,107,2965.91
14828.0,10,23,7699.7
14451.0,10,24,2614.78
13883.0,10,38,3885.54
13901.0,10,9,2809.14
14415.0,10,14,6124.52
13291.0,10,49,2909.68
15967.0,10,14,2568.32
13728.0,10,22,1839.03
14341.0,10,55,2285.04
17861.0,10,20,2990.41
12662.0,10,8,3138.2400000000002
15059.0,10,11,2153.48
17519.0,10,3,3265.45
12755.0,10,0,5218.709999999999
15251.0,10,49,9839.55
14239.0,10,66,1882.3200000000002
14064.0,10,65,1925.9
17799.0,10,24,3207.76
13173.0,10,2,2212.11
17230.0,10,198,5750.08
15965.0,10,2,2119.26
16225.0,10,37,1762.99
15571.0,10,21,3241.92
13842.0,10,1,2244.29
15862.0,10,8,2033.64
17552.0,10,7,2154.88
14388.0,9,7,3488.16
12913.0,9,3,4217.2300000000005
14915.0,9,10,1503.77
14898.0,9,6,2195.14
13693.0,9,9,2011.82
14099.0,9,10,2646.7400000000002
16027.0,9,92,1113.74
12708.0,9,3,2601.19
17504.0,9,15,6493.14
14861.0,9,15,1254.94
17351.0,9,62,1401.08
16206.0,9,22,2052.81
14625.0,9,9,3598.25
13225.0,9,56,9796.23
16197.0,9,104,2016.71
13448.0,9,8,5655.2
15858.0,9,2,2508.77
16748.0,9,23,2121.43
15854.0,9,11,2609.16
13555.0,9,13,4792.96
16686.0,9,24,1921.19
16709.0,9,14,6026.14
16717.0,9,1,3127.85
15321.0,9,72,3961.42
14440.0,9,0,4281.05
15203.0,9,25,2572.38
16395.0,9,28,2036.35
12951.0,9,21,2149.65
15182.0,9,20,2376.1020000000003
13929.0,9,51,2651.45
13931.0,9,27,4019.85
16347.0,9,23,2595.51
16325.0,9,59,3003.26
17442.0,9,16,2371.74
16986.0,9,80,3015.55
13995.0,9,14,2508.32
18064.0,9,81,3667.83
14209.0,9,20,2919.84
14769.0,9,25,5097.13
12524.0,9,23,6640.39
14401.0,9,59,2744.42
17867.0,9,45,424.18
13735.0,9,11,6879.2300000000005
12838.0,9,8,2694.75
15681.0,9,14,1563.54
17954.0,9,2,1618.93
16652.0,9,39,10776.42
17526.0,9,0,2970.14
18037.0,9,56,97.39999999999999
17218.0,9,3,2226.96
15628.0,9,1,2782.02
17738.0,9,30,2304.51
16735.0,9,28,3970.0
16456.0,9,8,4630.16
13593.0,9,22,3481.41
15732.0,9,7,1387.95
13875.0,9,22,3027.58
13037.0,9,34,3033.88
16670.0,9,28,3934.25
14593.0,9,32,3048.38
12678.0,9,10,16652.72
15955.0,9,7,4242.1
14710.0,9,14,1300.31
14159.0,9,14,3230.45
14180.0,9,7,1570.73
13059.0,9,48,2108.37
17742.0,9,63,1743.3700000000001
15796.0,9,9,2463.02
14081.0,9,4,4369.47
14177.0,9,16,1660.23
16158.0,9,157,628.32
17457.0,9,14,4247.11
15125.0,9,114,5496.39
14211.0,9,46,2161.19
17338.0,9,10,5395.79
17314.0,9,28,2376.51
17324.0,9,1,1311.64
14049.0,9,22,7444.68
17644.0,9,29,3132.96
18251.0,8,80,21964.14
13259.0,8,32,1119.36
16010.0,8,11,1302.46
16145.0,8,23,3005.9500000000003
16104.0,8,53,2476.25
16033.0,8,4,1985.6299999999999
14025.0,8,99,4057.9
17618.0,8,18,3071.36
18144.0,8,8,2169.25
14685.0,8,211,4536.64
14525.0,8,63,3810.64
18092.0,8,0,7111.18
13648.0,8,35,1764.02
13680.0,8,106,7700.55
13077.0,8,1,2326.35
17754.0,8,9,2786.57
15727.0,8,22,4212.65
15716.0,8,4,1913.55
14692.0,8,15,1123.59
14688.0,8,8,2056.3
13662.0,8,20,1352.35
14970.0,8,44,3327.29
18219.0,8,3,1493.1200000000001
18077.0,8,1,1699.25
13324.0,8,63,3391.52
16466.0,8,18,2171.13
14562.0,8,25,1631.38
16725.0,8,6,1052.14
17735.0,8,2,4134.91
13856.0,8,98,753.53
15641.0,8,31,3458.35
15607.0,8,178,1604.21
15606.0,8,25,2310.83
15602.0,8,3,1932.64
15580.0,8,11,1375.39
15680.0,8,1,3173.9
15674.0,8,52,4501.63
13021.0,8,9,2270.86
17802.0,8,7,3761.38
14540.0,8,14,2756.98
14534.0,8,32,1790.36
16400.0,8,30,2755.92
13137.0,8,21,3983.65
12935.0,8,10,2083.16
16719.0,8,3,2174.13
14467.0,8,24,1606.98
14465.0,8,63,2887.4100000000003
17930.0,8,28,2534.74
17929.0,8,22,2239.1
15550.0,8,13,1635.42
15622.0,8,62,4143.05
16791.0,8,18,2251.85
14404.0,8,4,1404.04
14399.0,8,29,2108.21
12932.0,8,174,1698.56
12924.0,8,28,1535.7
17811.0,8,9,1757.98
12500.0,8,70,1697.39
17897.0,8,2,1968.75
17692.0,8,31,2234.86
14744.0,8,1,2785.1
14740.0,8,44,2712.85
13984.0,8,1,1128.09
15521.0,8,35,4098.04
12891.0,8,93,509.5
16950.0,8,2,2535.21
17732.0,8,7,2166.42
12877.0,8,36,1406.3700000000001
17419.0,8,2,2273.95
17409.0,8,56,7021.66
17690.0,8,1,2685.2
17404.0,8,44,15874.3
15911.0,8,258,1700.24
16255.0,8,0,2284.34
13136.0,8,10,3666.9500000000003
17032.0,8,182,2984.32
17019.0,8,3,2703.03
17001.0,8,11,2651.23
16992.0,8,22,3862.19
14329.0,8,10,4912.38
15359.0,8,297,181.35
15329.0,8,9,1909.13
14841.0,8,9,3867.2400000000002
15312.0,8,18,2005.3400000000001
15290.0,8,28,2553.06
16208.0,8,29,2776.19
17602.0,8,107,2300.01
17512.0,8,87,2542.83
17293.0,8,29,1896.57
15179.0,8,27,5284.97
18044.0,8,22,1417.01
18036.0,8,20,1142.37
15255.0,8,31,2815.17
13958.0,8,14,4709.2300000000005
14243.0,8,0,4842.28
14221.0,8,84,3084.69
15122.0,8,57,2853.4900000000002
15081.0,8,2,1460.92
15079.0,8,0,2871.74
13629.0,8,48,5578.5
17340.0,8,1,9935.93
16098.0,8,8,2435.67
15024.0,8,2,2414.18
14866.0,8,1,6460.32
17491.0,8,2,2422.2000000000003
12683.0,8,0,4220.21
16202.0,8,52,2136.72
14607.0,8,102,7553.63
16065.0,8,0,1992.13
12380.0,7,100,6951.49
14160.0,7,245,8421.47
14963.0,7,14,1651.23
18145.0,7,17,2748.19
14944.0,7,24,3884.42
18178.0,7,37,4512.93
13643.0,7,17,1637.33
14987.0,7,0,1387.4499999999998
17450.0,7,2,52422.3
12714.0,7,23,9384.85
17432.0,7,20,1363.23
17426.0,7,87,3040.51
17673.0,7,10,2578.91
14205.0,7,29,1947.5
13985.0,7,9,2960.73
13214.0,7,52,3264.23
13211.0,7,16,1523.35
14651.0,7,29,1371.77
14626.0,7,30,2619.65
14608.0,7,14,1567.79
13824.0,7,14,1615.82
16085.0,7,15,1359.52
16059.0,7,2,1718.66
13266.0,7,48,2300.78
16143.0,7,4,2485.89
16359.0,7,11,946.83
13799.0,7,79,2114.71
16221.0,7,2,1325.8
16218.0,7,8,1355.29
16199.0,7,27,942.75
16190.0,7,29,2508.4700000000003
16177.0,7,71,1915.36
13152.0,7,52,2146.38
15032.0,7,1,8821.55
13722.0,7,55,3260.0
17396.0,7,6,1476.3
17388.0,7,55,1415.81
17382.0,7,70,836.88
17365.0,7,21,3417.13
12779.0,7,6,2740.91
15916.0,7,1,1874.83
15912.0,7,71,810.08
15910.0,7,35,1432.29
12415.0,7,10,19543.84
16266.0,7,58,896.06
16242.0,7,16,3824.79
16233.0,7,1,1429.03
13126.0,7,1,1898.6100000000001
16365.0,7,2,1766.78
13711.0,7,41,1540.2
13611.0,7,9,2143.53
13610.0,7,22,1021.38
15141.0,7,92,1388.47
14217.0,7,1,1411.91
18051.0,7,269,2282.28
18009.0,7,177,1896.84
17994.0,7,23,1595.1399999999999
17988.0,7,122,288.42
15173.0,7,15,1494.6
13615.0,7,34,5854.84
17220.0,7,52,1269.76
12820.0,7,32,1747.18
17213.0,7,1,2401.07
13838.0,7,4,1245.91
14532.0,7,46,2912.93
13313.0,7,114,1890.0
13305.0,7,7,1751.75
15889.0,7,4,1279.6
12510.0,7,94,4195.45
16409.0,7,15,3629.76
17863.0,7,4,2585.2
16335.0,7,186,2753.52
13092.0,7,49,1662.45
16470.0,7,31,1664.08
16467.0,7,143,2869.16
13329.0,7,1,4323.97
15812.0,7,70,3400.33
15795.0,7,65,1369.8600000000001
14548.0,7,119,1888.49
15240.0,7,9,2753.41
17268.0,7,80,970.25
17262.0,7,1,1504.26
17235.0,7,7,1354.82
17228.0,7,2,1269.8899999999999
17227.0,7,3,1081.8600000000001
13577.0,7,17,1801.68
15281.0,7,13,6211.42
15372.0,7,85,4009.66
15367.0,7,53,3203.74
17096.0,7,18,2675.8
17092.0,7,72,3737.38
16571.0,7,30,2827.05
12567.0,7,2,4308.58
17769.0,7,18,3095.95
15712.0,7,14,2400.05
13782.0,7,88,877.22
16539.0,7,8,2343.2
16523.0,7,50,2497.86
16503.0,7,30,2182.41
17180.0,7,57,1452.8
13554.0,7,15,1629.35
15325.0,7,30,1439.72
14821.0,7,1,1230.15
14292.0,7,45,4354.32
16984.0,7,39,5891.01
16933.0,7,24,2536.07
13870.0,7,22,2941.14
15660.0,7,0,1212.13
15623.0,7,28,2136.02
16631.0,7,116,1892.52
16600.0,7,9,1339.89
15456.0,7,38,1656.93
15443.0,7,109,1900.64
15394.0,7,30,3103.26
15380.0,7,0,1788.8
15514.0,7,14,2368.34
15497.0,7,17,7395.19
15482.0,7,21,3537.6
13510.0,7,10,2766.73
13450.0,7,9,2076.32
17730.0,7,17,2475.32
17726.0,7,30,1092.06
17720.0,7,2,1572.97
15518.0,7,14,2268.44
16699.0,7,15,994.6
14466.0,7,7,2374.5
13440.0,7,58,1295.25
14492.0,7,65,1921.91
13032.0,7,27,1805.78
16668.0,7,22,555.7
16655.0,7,46,2633.74
14748.0,7,3,1736.57
14745.0,7,136,1331.15
16904.0,7,2,1360.31
16891.0,7,6,1202.77
14441.0,7,9,2898.8
14426.0,7,38,7246.27
12976.0,7,13,2417.7799999999997
12928.0,7,13,2242.19
14723.0,7,6,927.89
16743.0,7,91,1999.02
12982.0,7,29,2354.27
13018.0,7,48,2485.46
14918.0,7,39,4345.66
14896.0,7,0,1614.45
17596.0,7,3,2075.7400000000002
17572.0,7,8,496.26000000000005
14063.0,7,321,9471.5
17508.0,7,16,4191.92
17470.0,7,2,1679.8
17465.0,7,60,2542.79
16094.0,7,10,2617.33
13202.0,7,29,1580.3
14101.0,7,23,3985.14
14016.0,7,31,7062.2
14001.0,7,8,2487.01
14147.0,7,23,2106.8
14146.0,7,18,5259.3
12643.0,6,20,4960.18
17651.0,6,133,1758.52
14154.0,6,16,5115.08
14032.0,6,1,1874.68
14112.0,6,86,2919.44
13203.0,6,21,1778.79
16086.0,6,2,1743.6
13249.0,6,36,897.52
16119.0,6,29,1297.45
17454.0,6,97,1030.41
17550.0,6,32,2239.48
17578.0,6,109,903.87
12668.0,6,13,7575.88
17593.0,6,44,4168.46
17609.0,6,37,782.12
14905.0,6,9,1355.24
17623.0,6,44,1838.72
13015.0,6,73,3240.14
13019.0,6,14,1229.95
16756.0,6,39,1072.97
16768.0,6,18,1220.48
16775.0,6,2,1361.23
14460.0,6,31,659.16
15551.0,6,29,1243.75
12481.0,6,0,6765.07
12484.0,6,118,1826.78
17950.0,6,0,947.26
12970.0,6,15,1048.13
12975.0,6,71,2100.09
16823.0,6,22,1884.71
16841.0,6,63,2136.2400000000002
16873.0,6,64,7493.77
16875.0,6,72,2139.0
14396.0,6,6,1591.74
14766.0,6,1,4082.76
14770.0,6,102,2761.2200000000003
14790.0,6,9,1781.56
13052.0,6,55,2771.18
16638.0,6,3,749.8100000000001
17740.0,6,24,426.9
16650.0,6,55,1397.69
16658.0,6,3,690.83
15661.0,6,14,906.15
13431.0,6,41,2047.14
13443.0,6,83,1273.16
14482.0,6,14,2283.91
17707.0,6,11,456.90000000000003
12589.0,6,56,4048.98
12599.0,6,16,1264.14
14370.0,6,85,1175.78
15532.0,6,11,2174.12
15538.0,6,172,3358.3999999999996
13451.0,6,16,4191.8
13495.0,6,3,3329.39
15483.0,6,20,592.56
13473.0,6,209,2235.12
13481.0,6,9,2026.28
13520.0,6,6,3285.05
15382.0,6,9,7777.84
15420.0,6,69,743.0
15421.0,6,20,2854.98
15434.0,6,9,1525.5800000000002
14800.0,6,4,3415.38
13727.0,6,246,740.6700000000001
12867.0,6,32,3819.92
15747.0,6,10,1553.17
15754.0,6,128,2579.04
15638.0,6,13,2265.2
13413.0,6,274,429.44
13421.0,6,41,2225.04
13857.0,6,28,1001.01
13869.0,6,16,4913.22
13874.0,6,139,1508.7
14496.0,6,8,2129.42
14514.0,6,71,3389.84
14515.0,6,22,1647.17
17063.0,6,42,2177.39
17069.0,6,8,3084.58
14293.0,6,3,2221.37
17021.0,6,77,1182.22
13750.0,6,15,1954.92
14824.0,6,14,2895.2000000000003
15332.0,6,1,4892.68
15353.0,6,2,2336.0
17188.0,6,81,2118.7000000000003
16510.0,6,7,1777.5
14693.0,6,60,992.46
14701.0,6,77,1961.02
13786.0,6,2,3127.99
15722.0,6,80,3022.79
17790.0,6,13,815.11
12549.0,6,210,1575.68
16560.0,6,32,2206.9700000000003
17211.0,6,4,1729.43
17075.0,6,64,1402.51
17083.0,6,44,2644.01
17090.0,6,9,1105.53
17113.0,6,209,2305.59
17137.0,6,51,1099.81
17138.0,6,24,4036.77
15365.0,6,38,2242.81
15373.0,6,6,1002.9300000000001
15288.0,6,0,1574.51
15296.0,6,55,6650.17
17236.0,6,45,1013.13
17150.0,6,11,1357.95
12826.0,6,0,1481.03
15299.0,6,7,3484.5299999999997
15301.0,6,3,2533.09
15306.0,6,135,2310.38
15199.0,6,9,1853.7
15235.0,6,4,690.3000000000001
13971.0,6,58,1909.31
13848.0,6,1,2080.0
14541.0,6,51,1038.03
14546.0,6,11,2610.91
16455.0,6,6,2535.69
13316.0,6,27,7207.89
13381.0,6,14,4585.06
15819.0,6,66,2029.34
13085.0,6,314,2017.2
16499.0,6,9,2212.89
16331.0,6,67,2037.7
17819.0,6,6,2907.65
17851.0,6,57,1552.35
17921.0,6,14,1574.13
13346.0,6,97,299.4
15882.0,6,3,979.62
14535.0,6,30,3118.39
13975.0,6,28,2795.16
14275.0,6,30,1189.3799999999999
14277.0,6,46,13009.61
12802.0,6,77,1988.84
15164.0,6,24,1203.53
18025.0,6,14,1177.72
17281.0,6,9,797.8499999999999
17289.0,6,11,1110.78
17290.0,6,16,974.95
12782.0,6,9,2287.32
12791.0,6,8,863.51
15095.0,6,55,1771.04
15100.0,6,1,2018.6999999999998
14844.0,6,65,3512.62
17682.0,6,3,1982.45
12609.0,6,9,2309.01
12623.0,6,51,3442.7400000000002
17345.0,6,10,1066.94
13183.0,6,29,3078.4
16279.0,6,20,4195.5
16293.0,6,2,2408.96
18069.0,6,18,2455.68
16416.0,6,25,1906.48
16430.0,6,16,817.09
13115.0,6,14,3199.92
12765.0,6,107,1404.58
17368.0,6,10,879.42
13719.0,6,28,1741.4
14850.0,6,52,1445.21
15027.0,6,30,2129.45
15030.0,6,15,1461.63
15034.0,6,21,3957.04
13979.0,6,28,2510.06
13982.0,6,0,2511.08
16150.0,6,7,2342.57
16153.0,6,55,3309.2599999999998
15950.0,6,10,5376.2
15971.0,6,20,1702.98
13293.0,6,27,1192.94
15983.0,6,0,2458.9
14676.0,6,29,5808.55
18055.0,6,2,4381.78
16128.0,6,15,1920.83
16131.0,6,10,6450.88
16005.0,6,10,1786.78
16032.0,6,91,1965.72
14609.0,6,25,884.64
13213.0,6,18,2330.94
17685.0,6,7,2751.64
12720.0,6,4,2478.94
17449.0,6,22,2348.94
15051.0,6,14,2543.55
14988.0,6,15,1704.11
15002.0,6,2,3127.9700000000003
15003.0,6,108,1027.03
18170.0,6,9,1897.69
14044.0,6,53,2431.28
18258.0,6,99,2059.67
18283.0,6,17,619.37
18236.0,6,23,913.11
18094.0,6,81,3374.2200000000003
12359.0,6,60,2563.36
12391.0,5,99,2285.18
18220.0,5,29,1616.48
14152.0,5,22,1376.05
14136.0,5,35,1570.81
14114.0,5,30,977.5600000000001
14967.0,5,76,1518.81
14966.0,5,22,881.24
14901.0,5,1,860.11
14871.0,5,128,726.89
13649.0,5,1,1304.88
13641.0,5,275,1016.47
14994.0,5,17,946.72
14978.0,5,65,1190.82
13623.0,5,15,1805.32
13617.0,5,43,734.57
15058.0,5,11,1285.04
15043.0,5,98,2333.3199999999997
13654.0,5,15,3600.67
14870.0,5,48,1511.7
14857.0,5,77,2478.731
14855.0,5,109,5874.65
13723.0,5,27,994.23
13709.0,5,81,1263.7
13705.0,5,8,1323.47
15142.0,5,45,2121.18
15073.0,5,35,1744.61
17966.0,5,226,865.49
13613.0,5,87,1039.8500000000001
15249.0,5,65,2577.54
15245.0,5,37,2095.0
15189.0,5,16,1298.99
13562.0,5,36,3038.85
15366.0,5,44,1786.57
15339.0,5,56,1246.95
14837.0,5,77,1810.82
14820.0,5,15,767.47
14817.0,5,30,2849.52
13748.0,5,8,1320.1
13736.0,5,60,2022.67
14798.0,5,16,550.5699999999999
15426.0,5,4,1134.85
15422.0,5,14,1522.27
15413.0,5,326,6798.72
13538.0,5,31,1822.28
13531.0,5,1,1254.72
13527.0,5,53,2298.93
13478.0,5,104,2215.78
13477.0,5,90,1364.59
15502.0,5,3,3548.34
15489.0,5,35,1285.3300000000002
15485.0,5,8,3186.01
13503.0,5,114,1642.39
13497.0,5,3,972.28
13464.0,5,29,2422.96
13455.0,5,1,1847.59
17940.0,5,80,16286.75
17935.0,5,35,540.35
15569.0,5,25,2207.74
15549.0,5,56,652.7
15605.0,5,8,738.57
15596.0,5,0,1723.45
15590.0,5,17,1496.6
15673.0,5,86,3478.09
15625.0,5,11,1702.1399999999999
15774.0,5,53,1017.54
13397.0,5,72,1647.74
15715.0,5,190,658.02
15696.0,5,58,1170.1100000000001
13772.0,5,35,1977.39
13771.0,5,168,3094.37
14686.0,5,49,852.53
13340.0,5,52,11364.08
15800.0,5,88,530.18
15793.0,5,13,1433.96
15789.0,5,66,1610.71
15903.0,5,13,3813.0800000000004
15890.0,5,29,535.65
15841.0,5,21,1518.35
17908.0,5,8,1142.47
17889.0,5,9,545.05
12433.0,5,1,7205.39
12429.0,5,0,3735.51
18071.0,5,0,975.63
14653.0,5,148,1666.41
15990.0,5,129,1205.64
15985.0,5,71,1572.8600000000001
13296.0,5,58,705.11
13288.0,5,78,927.61
15972.0,5,91,1769.33
15920.0,5,59,401.64
16004.0,5,109,2146.39
16003.0,5,16,2878.46
13246.0,5,28,1390.23
13240.0,5,0,1036.21
16087.0,5,24,1739.92
16167.0,5,49,1386.1200000000001
16163.0,5,0,1992.98
16155.0,5,16,796.9
13209.0,5,149,2617.9
14649.0,5,17,2248.6
14644.0,5,49,1416.96
14623.0,5,15,1130.28
14615.0,5,29,951.76
13823.0,5,15,2445.79
14573.0,5,7,925.3
16182.0,5,73,3354.0
16180.0,5,113,5995.69
13157.0,5,44,3946.14
16271.0,5,92,1993.18
16253.0,5,55,3588.34
16383.0,5,31,2252.93
16350.0,5,9,1137.42
16316.0,5,15,2806.0
13110.0,5,72,1468.8000000000002
13107.0,5,48,3721.45
16434.0,5,81,1161.89
12530.0,5,50,2096.98
17822.0,5,55,2162.93
14551.0,5,46,691.86
13851.0,5,14,1955.0
16554.0,5,21,2004.6200000000001
16515.0,5,14,1554.92
16477.0,5,6,1825.56
16612.0,5,14,2057.77
16611.0,5,38,1655.64
16593.0,5,25,741.11
16563.0,5,35,3334.82
13065.0,5,8,1055.05
17774.0,5,32,2060.1
17760.0,5,8,631.34
16634.0,5,7,1596.71
13048.0,5,71,2229.72
14512.0,5,18,940.69
14507.0,5,13,1848.8600000000001
14498.0,5,36,1943.51
13873.0,5,18,649.32
14493.0,5,25,2704.62
13031.0,5,42,3292.84
16654.0,5,3,1110.2
17797.0,5,30,1191.44
16736.0,5,140,2956.56
16718.0,5,4,3006.08
13889.0,5,17,1574.3300000000002
13888.0,5,39,1405.92
13884.0,5,11,1037.43
13880.0,5,2,1171.89
14454.0,5,11,977.3
14449.0,5,7,1555.4
14442.0,5,49,3777.2
12963.0,5,0,1744.96
16797.0,5,28,1802.02
16794.0,5,15,856.1999999999999
16771.0,5,92,1706.99
16770.0,5,7,1152.63
12978.0,5,20,2502.82
12937.0,5,98,1593.34
16859.0,5,51,1184.6
16835.0,5,8,1357.56
16827.0,5,28,392.13
16817.0,5,3,1200.15
12933.0,5,15,1029.1
12917.0,5,35,3765.2
16915.0,5,21,921.5
16907.0,5,0,722.0500000000001
12957.0,5,176,4689.43
14437.0,5,0,873.34
14409.0,5,3,1696.64
14390.0,5,7,1731.16
12594.0,5,13,1751.89
12577.0,5,16,990.5
16926.0,5,6,1169.6100000000001
16983.0,5,4,1748.15
12910.0,5,14,2721.48
16960.0,5,25,1483.83
16946.0,5,18,1222.04
16940.0,5,85,3377.78
16938.0,5,16,4283.68
17059.0,5,4,2506.54
17050.0,5,10,1462.95
17029.0,5,17,1421.3
14327.0,5,17,1583.28
13953.0,5,44,3125.0
14316.0,5,57,1370.34
14312.0,5,13,1478.7
14307.0,5,8,2075.31
17133.0,5,109,9730.09
17127.0,5,63,1155.0300000000002
12863.0,5,14,2271.35
12853.0,5,62,1950.4
17080.0,5,14,669.91
17204.0,5,9,3940.13
17190.0,5,38,1281.83
17165.0,5,16,1635.64
17155.0,5,162,640.76
17147.0,5,87,1485.36
17259.0,5,3,1239.11
17222.0,5,112,1250.86
14227.0,5,49,3017.75
14224.0,5,25,831.98
17332.0,5,163,838.27
17323.0,5,42,644.52
17322.0,5,11,922.59
17315.0,5,10,3318.35
12758.0,5,94,7111.650000000001
17362.0,5,35,711.8100000000001
17343.0,5,11,1066.3
12631.0,5,91,2841.07
12613.0,5,23,3472.9900000000002
17681.0,5,232,731.2
17679.0,5,156,1585.5
17676.0,5,1,1378.16
17672.0,5,52,2600.46
12759.0,5,21,3489.3
14198.0,5,35,868.33
14186.0,5,62,1550.63
14175.0,5,53,4456.58
12731.0,5,77,6879.8
17422.0,5,16,1615.39
17515.0,5,29,963.49
12705.0,5,18,4893.81
17610.0,5,175,1511.94
12676.0,5,43,1511.7
14057.0,5,16,2135.0
12649.0,5,17,1671.1399999999999
17640.0,5,14,2547.28
17639.0,5,22,506.67
18194.0,5,73,3188.2000000000003
12402.0,5,27,1031.3
18135.0,5,27,567.71
18116.0,5,11,731.38
18106.0,5,111,1019.16
18097.0,5,20,1965.52
14161.0,5,4,2182.46
18252.0,5,183,1015.42
18276.0,5,27,1320.66
18268.0,5,226,1464.73
12360.0,5,14,1590.83
18259.0,5,1,1979.6000000000001
18277.0,4,32,1069.67
18287.0,4,17,2345.71
18214.0,4,165,1780.34
18215.0,4,72,1933.15
18241.0,4,50,913.9
12409.0,4,55,12346.619999999999
18181.0,4,35,821.49
12395.0,4,6,2048.64
18149.0,4,39,941.88
18151.0,4,55,1226.09
18171.0,4,105,1206.0
18118.0,4,4,1068.05
18093.0,4,79,2346.19
12454.0,4,30,13151.44
12455.0,4,80,3413.09
18039.0,4,9,548.22
18022.0,4,20,894.53
12435.0,4,31,6096.04
17984.0,4,27,999.51
17987.0,4,11,766.87
18001.0,4,84,509.01
18002.0,4,10,244.37
17963.0,4,106,643.16
17968.0,4,8,590.4399999999999
17978.0,4,0,1159.99
17952.0,4,13,788.46
17871.0,4,32,913.05
17860.0,4,3,717.39
17825.0,4,233,701.96
17829.0,4,44,3867.5
17845.0,4,190,596.09
17849.0,4,115,457.96000000000004
17854.0,4,97,757.24
17808.0,4,183,262.64
17812.0,4,3,405.48
14105.0,4,43,4722.6
14107.0,4,83,2174.07
14078.0,4,8,640.34
14080.0,4,48,1070.08
12557.0,4,6,6725.18
12573.0,4,16,556.87
17796.0,4,4,661.04
17768.0,4,22,1210.83
17753.0,4,99,382.06
17758.0,4,62,1555.83
17709.0,4,105,533.56
17713.0,4,17,1198.09
17714.0,4,59,1257.18
12605.0,4,11,1232.95
12615.0,4,48,3449.79
17667.0,4,70,1895.19
14021.0,4,9,1084.68
14035.0,4,41,1366.73
14037.0,4,113,689.75
12637.0,4,13,2280.91
12645.0,4,44,1764.12
17625.0,4,81,3958.5
17631.0,4,9,470.16
17588.0,4,31,1699.35
17597.0,4,53,1439.72
17604.0,4,57,633.02
17582.0,4,81,1271.68
17584.0,4,102,4067.12
17560.0,4,30,1040.85
17534.0,4,86,1445.47
17539.0,4,252,1176.84
17540.0,4,18,1011.7
14129.0,4,34,1467.48
12701.0,4,164,1648.7
17438.0,4,79,1034.32
12725.0,4,6,2266.76
12726.0,4,22,1405.5
17414.0,4,58,1471.52
17420.0,4,8,485.6
12744.0,4,94,4037.77
12749.0,4,34,2806.48
17342.0,4,14,1227.54
17348.0,4,72,1285.69
17349.0,4,15,674.16
17356.0,4,189,768.25
17311.0,4,27,2181.71
17320.0,4,3,1695.15
17321.0,4,29,1008.05
14182.0,4,78,678.77
14000.0,4,49,1410.68
14004.0,4,28,1675.81
14006.0,4,163,1234.48
12788.0,4,98,444.9
17288.0,4,25,1050.8
17244.0,4,18,871.14
12805.0,4,16,1434.95
12806.0,4,70,2878.96
17200.0,4,22,356.71
17203.0,4,23,2004.01
17126.0,4,16,1026.98
17135.0,4,6,798.03
17141.0,4,53,727.58
17145.0,4,147,3120.91
12849.0,4,16,2032.18
12854.0,4,196,1654.72
12855.0,4,7,612.84
12857.0,4,71,2581.6
14195.0,4,74,1603.6
14167.0,4,99,711.7
17115.0,4,183,1923.99
17095.0,4,65,1248.09
17107.0,4,32,5255.24
17062.0,4,0,645.8100000000001
17071.0,4,16,1364.68
17081.0,4,30,660.48
17082.0,4,29,2728.18
12889.0,4,16,385.46000000000004
17031.0,4,13,2393.5
17043.0,4,10,858.47
17046.0,4,79,1264.05
17048.0,4,72,1146.33
17003.0,4,37,828.21
17006.0,4,27,853.49
17018.0,4,22,1367.6
14225.0,4,69,2031.07
13980.0,4,74,568.68
17025.0,4,8,1152.87
16977.0,4,30,496.0
16987.0,4,11,904.6
17002.0,4,78,1077.82
16934.0,4,18,1152.1100000000001
16947.0,4,97,548.73
16948.0,4,64,433.75
16955.0,4,3,790.74
12926.0,4,46,1523.97
16895.0,4,73,900.63
14247.0,4,39,616.79
14215.0,4,3,1626.61
16912.0,4,56,1904.93
16862.0,4,182,662.33
12960.0,4,48,1322.07
12972.0,4,48,1161.2
16784.0,4,11,784.73
16787.0,4,32,1017.53
16809.0,4,67,812.74
16755.0,4,102,1389.25
16767.0,4,53,2481.2
16774.0,4,58,905.96
12990.0,4,52,546.0
12993.0,4,80,844.87
12997.0,4,29,884.02
16702.0,4,50,1110.83
14257.0,4,15,2854.73
14229.0,4,38,1046.84
14235.0,4,133,1573.1299999999999
14236.0,4,7,1253.78
16707.0,4,35,533.41
16711.0,4,14,1217.45
13026.0,4,123,757.72
16661.0,4,175,932.76
13039.0,4,219,1010.73
13041.0,4,85,799.13
16636.0,4,73,3802.04
16620.0,4,24,1579.97
16625.0,4,57,1320.95
16569.0,4,266,1331.03
16588.0,4,21,1361.28
16595.0,4,11,1397.59
16555.0,4,140,1629.79
13074.0,4,146,1378.74
14283.0,4,98,628.4399999999999
14285.0,4,148,1374.41
16531.0,4,16,1053.74
16544.0,4,154,376.70000000000005
16546.0,4,7,4819.32
16551.0,4,58,1315.0
16520.0,4,0,1427.57
16485.0,4,67,1923.54
13118.0,4,11,1217.6
16387.0,4,30,788.1
16391.0,4,35,1052.26
16407.0,4,24,681.97
16412.0,4,28,457.2
13131.0,4,53,2240.47
14264.0,4,14,1183.39
14276.0,4,42,982.94
16369.0,4,71,1111.15
16329.0,4,62,1664.92
16330.0,4,59,373.46999999999997
16332.0,4,66,417.21000000000004
16336.0,4,55,3517.69
13145.0,4,7,805.0
16320.0,4,88,4590.53
16290.0,4,99,1957.7
16292.0,4,15,951.51
16296.0,4,261,1313.67
16298.0,4,32,487.5
16303.0,4,27,2567.64
16287.0,4,11,864.48
16241.0,4,4,1680.2
14322.0,4,64,474.1
14286.0,4,39,3851.0099999999998
14295.0,4,73,2196.71
14306.0,4,13,1058.0800000000002
16235.0,4,10,1186.4
16239.0,4,17,1078.0
16209.0,4,17,1884.16
16229.0,4,16,1857.26
16231.0,4,14,1074.47
16174.0,4,126,1237.2
16176.0,4,56,2052.69
13192.0,4,170,1646.6399999999999
13201.0,4,137,1233.06
13223.0,4,58,805.9200000000001
16147.0,4,35,2023.91
16130.0,4,57,987.48
13939.0,4,66,992.41
13239.0,4,72,1265.1299999999999
13242.0,4,86,429.0
13243.0,4,84,635.26
16115.0,4,32,892.92
16081.0,4,1,1637.14
16099.0,4,52,841.3
16105.0,4,73,2049.23
16062.0,4,14,1709.83
16040.0,4,65,1103.35
16043.0,4,14,1082.6000000000001
16045.0,4,51,2094.23
16048.0,4,8,818.7900000000001
16053.0,4,48,2122.89
13263.0,4,28,1239.27
16016.0,4,1,980.91
16017.0,4,52,1333.7
13280.0,4,14,1494.87
14334.0,4,60,1766.27
14343.0,4,56,1079.66
15960.0,4,9,410.95
15976.0,4,45,1266.77
15980.0,4,125,4144.82
15938.0,4,91,330.23
15945.0,4,0,646.27
15917.0,4,241,407.07
15901.0,4,86,335.99
15873.0,4,134,313.91999999999996
15879.0,4,39,1137.8
15850.0,4,11,771.87
15861.0,4,91,1222.28
13357.0,4,129,3196.11
15810.0,4,21,1607.06
13902.0,4,267,23297.66
15822.0,4,128,954.59
13360.0,4,66,1553.65
15757.0,4,21,2225.94
15759.0,4,146,577.8900000000001
13382.0,4,63,1164.59
13384.0,4,25,2528.9
13393.0,4,218,1131.45
15717.0,4,56,456.70000000000005
15658.0,4,7,1399.3700000000001
13410.0,4,28,1198.9
13415.0,4,107,784.17
13417.0,4,182,1028.66
15652.0,4,22,1068.2
15629.0,4,85,2240.9
15637.0,4,48,574.23
14408.0,4,106,1503.2400000000002
13433.0,4,136,658.3199999999999
15614.0,4,72,3147.36
15600.0,4,63,1199.31
15561.0,4,18,1133.8
13462.0,4,45,1002.35
13466.0,4,43,705.45
15480.0,4,100,5373.5
15488.0,4,91,340.6
15493.0,4,24,2168.27
13506.0,4,4,1180.68
15476.0,4,15,2209.98
15447.0,4,162,337.71000000000004
15425.0,4,35,1941.1200000000001
15439.0,4,39,1269.05
15389.0,4,35,2233.8
13916.0,4,98,1275.81
13920.0,4,66,1774.68
13921.0,4,37,730.7
15402.0,4,22,1203.77
13539.0,4,55,938.02
15377.0,4,17,1211.75
15347.0,4,1,1162.0
15351.0,4,4,1770.23
15356.0,4,3,664.66
13544.0,4,46,514.14
15309.0,4,245,797.96
15326.0,4,244,1388.81
15279.0,4,15,1290.03
13567.0,4,63,1079.29
13573.0,4,14,614.27
14421.0,4,147,1656.26
14439.0,4,78,6781.8
13579.0,4,4,1072.0
15259.0,4,147,1182.3799999999999
15266.0,4,14,732.91
15272.0,4,85,1309.01
15278.0,4,196,496.15999999999997
13589.0,4,84,741.09
13591.0,4,70,976.8100000000001
13598.0,4,130,601.92
15221.0,4,1,2062.2000000000003
15227.0,4,31,1269.0900000000001
15215.0,4,28,1687.49
15167.0,4,42,1468.82
15159.0,4,30,3475.7200000000003
15149.0,4,211,1033.81
14450.0,4,14,645.19
14455.0,4,67,617.72
13890.0,4,9,1043.57
15101.0,4,150,1160.41
15107.0,4,7,620.85
15062.0,4,58,1597.76
15064.0,4,45,1254.41
15021.0,4,1,826.91
15038.0,4,4,579.67
15016.0,4,28,450.85
13647.0,4,129,1393.56
13650.0,4,9,1451.66
13655.0,4,9,1347.54
13658.0,4,18,3386.33
13663.0,4,15,1858.04
14984.0,4,23,1058.1399999999999
14469.0,4,51,2093.46
14478.0,4,17,1276.66
14942.0,4,36,746.56
14947.0,4,23,758.97
14949.0,4,104,515.0
14933.0,4,78,1770.0
14936.0,4,25,4273.79
14912.0,4,36,1021.4
14913.0,4,23,2845.7
14916.0,4,66,1773.97
14897.0,4,44,1774.16
14854.0,4,25,1563.03
14868.0,4,15,1230.42
14869.0,4,23,2056.69
14813.0,4,4,888.91
14829.0,4,7,995.29
14533.0,4,42,1516.65
13871.0,4,63,1482.6
13734.0,4,143,6695.6900000000005
13740.0,4,50,1232.02
14776.0,4,22,1170.0
13761.0,4,137,881.52
13762.0,4,228,2165.76
14733.0,4,2,6579.26
14734.0,4,60,1056.42
14746.0,4,41,593.5
14754.0,4,60,909.88
14715.0,4,77,958.0699999999999
13770.0,4,57,785.37
13783.0,4,122,1542.09
13785.0,4,63,542.49
14682.0,4,63,1462.81
14499.0,4,9,1293.3500000000001
14522.0,4,230,773.8800000000001
14524.0,4,44,1066.03
13795.0,4,23,836.3
14669.0,4,268,1957.54
14634.0,4,72,2124.46
14640.0,4,44,1541.98
13787.0,4,93,913.46
14605.0,4,9,921.5600000000001
14618.0,4,11,788.88
14621.0,4,146,1212.21
14624.0,4,50,588.22
13813.0,4,162,1398.61
13815.0,4,41,3448.38
13821.0,4,28,993.44
14584.0,4,56,705.1
14585.0,4,17,986.22
14572.0,4,52,2722.34
13855.0,4,135,1310.3400000000001
14597.0,4,14,1318.3899999999999
14553.0,4,46,959.33
14555.0,4,16,1991.49
18242.0,4,80,1372.72
18257.0,4,81,2262.52
12356.0,3,15,3560.3
12369.0,3,48,1791.15
12349.0,3,42,2671.14
16314.0,3,24,1491.4
16354.0,3,14,723.66
16344.0,3,144,741.3199999999999
16341.0,3,72,1878.92
16308.0,3,41,2560.0
16307.0,3,64,1194.92
16300.0,3,65,1367.32
13156.0,3,20,1586.54
18188.0,3,65,1279.55
18177.0,3,195,875.45
12414.0,3,98,390.0
12412.0,3,37,1370.05
12408.0,3,20,1452.22
12406.0,3,34,2975.06
14558.0,3,289,655.5
14556.0,3,231,815.69
13849.0,3,32,1931.35
18085.0,3,8,955.8000000000001
13835.0,3,154,260.7
14583.0,3,18,673.33
14577.0,3,29,504.44
18154.0,3,23,533.41
12399.0,3,20,853.65
18190.0,3,238,461.16
16374.0,3,37,1256.67
16372.0,3,44,934.58
16366.0,3,217,1220.83
16283.0,3,53,2779.51
16356.0,3,11,204.10000000000002
16385.0,3,1,473.69
13140.0,3,1,790.71
14290.0,3,48,2201.91
14320.0,3,181,868.96
16259.0,3,45,340.94
16254.0,3,13,967.44
12418.0,3,48,1352.62
18101.0,3,9,399.61
13820.0,3,53,652.75
13819.0,3,304,1502.0
14631.0,3,21,1018.71
14628.0,3,77,1326.04
18096.0,3,77,808.81
18095.0,3,62,1723.04
16411.0,3,4,673.24
16390.0,3,171,467.5
16441.0,3,52,637.93
16265.0,3,21,1488.17
14302.0,3,65,742.9000000000001
14301.0,3,51,1352.04
16436.0,3,303,319.14
18057.0,3,28,1188.46
14662.0,3,62,635.06
14656.0,3,50,498.95
14655.0,3,23,1946.28
16435.0,3,147,1003.0699999999999
16428.0,3,48,638.49
16421.0,3,11,526.27
16414.0,3,66,424.96000000000004
16205.0,3,31,1062.48
16234.0,3,111,333.18
13104.0,3,50,610.62
16445.0,3,21,352.65
16183.0,3,29,739.1
16175.0,3,106,798.85
16232.0,3,55,1722.09
16228.0,3,20,885.71
16471.0,3,28,966.03
14639.0,3,43,1994.47
13807.0,3,2,422.2
13797.0,3,71,1179.45
12451.0,3,98,3634.36
12450.0,3,34,490.32
18062.0,3,21,912.15
16496.0,3,66,731.25
13101.0,3,133,594.21
13196.0,3,78,1271.06
13190.0,3,179,570.66
13187.0,3,259,105.34
16159.0,3,105,884.59
16203.0,3,7,521.64
16493.0,3,79,780.46
16529.0,3,112,1531.55
13208.0,3,84,758.65
16172.0,3,108,744.34
16521.0,3,50,1140.11
16519.0,3,0,327.68
16511.0,3,32,842.16
17990.0,3,15,896.77
14695.0,3,154,1534.22
14513.0,3,71,332.42
14510.0,3,10,979.85
14508.0,3,11,554.87
14643.0,3,252,986.08
16500.0,3,9,443.05
13935.0,3,231,6116.92
14355.0,3,0,840.0500000000001
14346.0,3,60,1294.17
16134.0,3,58,1527.25
16129.0,3,42,1396.05
16124.0,3,53,1523.49
16122.0,3,1,316.92
16121.0,3,25,595.38
16538.0,3,176,395.07
14506.0,3,4,1256.6000000000001
14549.0,3,55,624.36
14681.0,3,22,376.20000000000005
14679.0,3,16,1289.44
14673.0,3,2,1674.41
14104.0,3,24,527.3199999999999
17998.0,3,15,639.24
17996.0,3,14,482.33
16565.0,3,41,599.35
13080.0,3,36,222.65
13965.0,3,111,996.61
16138.0,3,13,910.35
13948.0,3,46,446.76
13946.0,3,11,1314.66
13959.0,3,34,470.73
13957.0,3,52,458.25
14699.0,3,70,593.47
14729.0,3,8,586.24
17962.0,3,184,564.55
18006.0,3,16,524.83
14068.0,3,238,1250.8700000000001
14065.0,3,24,891.02
14061.0,3,142,917.4300000000001
13070.0,3,94,522.9
16108.0,3,69,1393.42
16596.0,3,1,329.48
17941.0,3,225,1128.72
17974.0,3,16,1035.1
14725.0,3,29,597.16
14714.0,3,42,746.05
14708.0,3,3,1085.91
14758.0,3,31,1380.9099999999999
13784.0,3,69,447.44
13778.0,3,126,945.79
16584.0,3,67,2220.09
16067.0,3,197,3269.11
16060.0,3,35,541.95
16057.0,3,154,1591.73
16054.0,3,53,1327.98
16101.0,3,69,1938.46
16096.0,3,51,1264.3500000000001
16092.0,3,139,770.08
16623.0,3,36,885.79
16619.0,3,18,1712.1200000000001
17918.0,3,135,396.39
12480.0,3,34,2183.2200000000003
12477.0,3,34,7056.63
13764.0,3,204,1400.2
12468.0,3,161,2941.2
17945.0,3,331,360.35
16049.0,3,10,777.34
16042.0,3,14,1067.85
16072.0,3,63,3595.77
16071.0,3,162,750.5600000000001
13057.0,3,165,709.59
13042.0,3,233,1488.59
16660.0,3,57,611.9000000000001
16034.0,3,29,473.62
13278.0,3,34,893.12
13277.0,3,15,264.9
13276.0,3,32,1300.98
17876.0,3,34,3424.02
17869.0,3,3,599.78
12494.0,3,0,626.77
17926.0,3,79,638.2
13760.0,3,39,1076.85
13753.0,3,233,1353.31
14794.0,3,37,633.99
16679.0,3,1,663.31
16007.0,3,18,1359.25
14233.0,3,100,1441.55
13292.0,3,50,415.57
13287.0,3,238,781.59
14230.0,3,70,979.8000000000001
14228.0,3,72,745.5
14260.0,3,106,824.28
14256.0,3,126,1491.73
12539.0,3,85,5646.400000000001
12525.0,3,133,973.73
17886.0,3,72,703.27
17883.0,3,174,324.08
13729.0,3,70,724.73
14810.0,3,4,446.59
16693.0,3,46,701.62
15959.0,3,317,542.89
15958.0,3,38,357.77
13295.0,3,11,900.77
16727.0,3,27,1121.45
13012.0,3,64,1310.99
15973.0,3,1,680.62
12998.0,3,127,920.08
12987.0,3,55,753.51
14805.0,3,39,536.15
14839.0,3,53,915.28
13872.0,3,162,919.57
13863.0,3,100,933.77
17853.0,3,42,1596.29
17852.0,3,23,543.47
17862.0,3,20,923.99
16732.0,3,38,3783.89
16777.0,3,48,1069.56
15921.0,3,31,452.23
15906.0,3,9,962.5
15946.0,3,137,2304.18
15944.0,3,28,1839.1399999999999
16772.0,3,58,3698.0499999999997
16769.0,3,113,755.51
16807.0,3,105,1002.29
16805.0,3,212,630.75
14083.0,3,6,373.3
17816.0,3,0,75.76
17807.0,3,30,437.87
17804.0,3,11,383.78000000000003
17801.0,3,86,770.03
14489.0,3,72,1111.55
14538.0,3,165,982.59
14831.0,3,315,1676.57
14818.0,3,93,495.76
16798.0,3,189,841.16
16795.0,3,0,2062.41
16792.0,3,18,513.08
16788.0,3,39,1334.54
12977.0,3,136,474.64
13304.0,3,90,917.57
13297.0,3,20,2278.77
12576.0,3,27,826.89
17817.0,3,13,400.46999999999997
14088.0,3,41,13544.99
13713.0,3,43,740.76
13707.0,3,64,2559.45
15887.0,3,41,1027.15
15886.0,3,51,871.78
15870.0,3,31,506.02
15900.0,3,48,549.29
16812.0,3,13,1912.65
16830.0,3,77,881.59
16825.0,3,13,1051.71
16872.0,3,62,533.11
16868.0,3,29,384.56
16861.0,3,25,772.83
16860.0,3,87,1610.62
15863.0,3,252,286.26
15847.0,3,63,433.3
15845.0,3,171,714.51
14872.0,3,118,816.6
14865.0,3,7,77.52000000000001
14853.0,3,58,901.0699999999999
13684.0,3,25,529.75
14909.0,3,72,1404.68
17780.0,3,302,346.56
16848.0,3,11,1130.2
16888.0,3,35,434.2
12956.0,3,319,413.82
13338.0,3,176,1958.6
13333.0,3,46,1015.74
13330.0,3,90,1655.17
15834.0,3,11,1539.24
17764.0,3,37,741.02
17763.0,3,288,71.15
13700.0,3,52,348.34
17756.0,3,10,728.75
17746.0,3,106,793.9300000000001
14413.0,3,45,643.47
15803.0,3,80,1513.84
15798.0,3,127,1535.37
16906.0,3,63,851.33
14204.0,3,57,874.22
14202.0,3,16,847.76
13362.0,3,13,2303.33
15823.0,3,7,3882.17
15817.0,3,55,2766.4
14201.0,3,44,446.1
16898.0,3,3,496.26
17734.0,3,160,741.69
13696.0,3,56,2020.4
14934.0,3,13,1612.56
14930.0,3,105,2873.77
12598.0,3,98,1511.01
12592.0,3,154,2145.06
12588.0,3,34,743.88
12586.0,3,9,1865.73
16894.0,3,137,1306.96
16890.0,3,111,285.41
16889.0,3,32,947.98
15791.0,3,164,1995.65
13373.0,3,50,4274.94
16931.0,3,4,629.4
14962.0,3,174,240.21000000000004
14958.0,3,230,458.26
17695.0,3,29,980.7
12920.0,3,206,323.86
12916.0,3,77,1534.78
12915.0,3,7,811.1
16916.0,3,7,536.04
15723.0,3,46,740.0
15777.0,3,31,715.5
15771.0,3,239,1006.54
16952.0,3,76,628.22
16939.0,3,123,433.85
16935.0,3,16,530.86
12909.0,3,59,924.52
12908.0,3,15,1026.0
15752.0,3,7,1557.96
17666.0,3,112,1319.6399999999999
17659.0,3,7,835.33
17655.0,3,1,1013.54
14953.0,3,53,685.65
14479.0,3,0,982.86
14477.0,3,71,660.0
17691.0,3,3,489.65000000000003
12633.0,3,17,3514.18
16996.0,3,17,666.6500000000001
15708.0,3,4,969.19
15691.0,3,29,434.5
13402.0,3,7,913.9000000000001
13399.0,3,99,275.4
15665.0,3,46,1764.86
15664.0,3,84,867.6
15714.0,3,88,453.93
15713.0,3,1,654.09
16979.0,3,18,1007.74
16975.0,3,58,926.12
17023.0,3,52,800.18
13989.0,3,99,759.98
14028.0,3,185,10396.5
13878.0,3,182,1145.33
14145.0,3,94,3857.85
14139.0,3,125,670.98
17669.0,3,97,2735.63
13976.0,3,141,834.38
15649.0,3,2,1354.35
13414.0,3,98,1103.64
13407.0,3,213,2244.7
13405.0,3,116,641.36
15684.0,3,182,173.95
17642.0,3,64,1112.2
12656.0,3,60,2356.66
12651.0,3,13,263.75
12648.0,3,72,793.95
13679.0,3,128,281.26
13665.0,3,21,1711.6599999999999
12644.0,3,65,1440.58
17683.0,3,20,819.01
17047.0,3,66,1188.33
17041.0,3,32,583.71
17028.0,3,216,1593.83
17027.0,3,81,433.07
14389.0,3,59,854.55
14420.0,3,31,1251.65
15617.0,3,31,828.5500000000001
13652.0,3,3,1475.77
13642.0,3,67,159.92
15057.0,3,78,1766.46
15055.0,3,109,549.12
17621.0,3,39,1795.22
17615.0,3,22,392.2
13427.0,3,112,423.93
15646.0,3,7,526.97
17051.0,3,81,465.6
12875.0,3,106,1013.76
12870.0,3,10,1676.95
12868.0,3,8,640.0
17076.0,3,27,401.66999999999996
17067.0,3,359,454.54
15579.0,3,18,923.03
15574.0,3,7,774.84
13442.0,3,302,419.87
13434.0,3,20,1132.6200000000001
17603.0,3,252,1393.66
15028.0,3,3,521.78
13635.0,3,77,1928.1299999999999
13632.0,3,29,1526.88
17585.0,3,80,948.03
17635.0,3,59,1265.58
17633.0,3,14,732.55
17101.0,3,29,885.3199999999999
17098.0,3,16,591.0699999999999
14172.0,3,240,369.02
14170.0,3,10,570.18
15542.0,3,147,855.71
15591.0,3,217,217.9
15587.0,3,27,608.4000000000001
15586.0,3,227,1139.1
17553.0,3,107,2270.0
14157.0,3,24,553.8000000000001
14199.0,3,58,906.3
15573.0,3,253,597.23
15572.0,3,15,1431.78
15563.0,3,149,1459.02
13476.0,3,41,823.0
15506.0,3,16,1058.25
13461.0,3,42,2715.0
17142.0,3,39,696.25
17122.0,3,23,432.18
17167.0,3,14,867.11
12840.0,3,72,1315.2
17189.0,3,195,569.88
15494.0,3,113,2422.02
15070.0,3,7,737.0500000000001
15123.0,3,56,2456.86
15117.0,3,83,934.19
15111.0,3,7,1163.39
17561.0,3,25,537.9
17555.0,3,60,565.43
17185.0,3,226,229.46
17179.0,3,17,795.47
13512.0,3,22,462.18
15504.0,3,155,349.87
17209.0,3,284,595.7
17201.0,3,158,853.3199999999999
12813.0,3,136,1687.8
15466.0,3,24,1225.93
15452.0,3,25,1256.63
15446.0,3,11,399.75
12808.0,3,3,422.45
13891.0,3,13,859.21
17530.0,3,0,725.21
17242.0,3,91,1754.24
17239.0,3,22,806.95
15381.0,3,58,1293.72
15441.0,3,31,1254.21
15428.0,3,22,668.97
15416.0,3,113,588.5
17221.0,3,226,642.14
15400.0,3,55,586.1
15393.0,3,202,659.48
15392.0,3,9,1376.0900000000001
17256.0,3,116,258.93
17298.0,3,9,455.84000000000003
13514.0,3,63,663.7
14127.0,3,15,1190.3700000000001
14122.0,3,41,362.42
14484.0,3,36,749.0600000000001
14481.0,3,42,1648.18
14480.0,3,37,1020.47
15150.0,3,91,3686.61
12800.0,3,105,584.25
15361.0,3,161,270.15000000000003
15354.0,3,238,284.4
13540.0,3,102,632.39
17329.0,3,366,475.42
13998.0,3,81,566.7
13997.0,3,154,376.46
15331.0,3,134,767.91
17354.0,3,63,1740.8999999999999
17350.0,3,29,612.381
17341.0,3,1,1006.53
17505.0,3,185,1289.64
17496.0,3,198,1141.84
15160.0,3,9,431.11
13602.0,3,16,596.28
15192.0,3,0,937.07
17548.0,3,13,627.96
17545.0,3,25,767.54
17544.0,3,25,944.82
14130.0,3,10,1377.86
17360.0,3,20,632.27
17358.0,3,11,500.2
12778.0,3,31,953.45
12766.0,3,1,3078.65
13900.0,3,24,869.64
13569.0,3,2,497.74
13566.0,3,69,831.76
15283.0,3,25,148.33
15323.0,3,197,434.6
17380.0,3,69,645.0
12695.0,3,163,825.02
12693.0,3,31,847.11
15191.0,3,98,588.05
15186.0,3,109,991.7900000000001
15183.0,3,182,639.93
15180.0,3,2,816.9300000000001
17373.0,3,53,520.58
17371.0,3,258,236.97
17363.0,3,30,920.46
17400.0,3,216,2525.44
15261.0,3,16,1253.18
15287.0,3,14,369.34000000000003
14431.0,3,14,2143.84
14430.0,3,146,1220.9
14425.0,3,69,661.39
12745.0,3,121,925.41
17436.0,3,43,317.76
15207.0,3,51,683.9200000000001
15198.0,3,43,377.71
15197.0,3,29,797.9
12703.0,3,268,722.98
17430.0,3,0,469.40999999999997
17421.0,3,21,1059.41
13595.0,3,151,784.48
13587.0,3,84,961.1
13585.0,3,165,684.54
15276.0,3,29,491.17
15268.0,3,113,961.9000000000001
12733.0,3,24,2040.92
12727.0,3,77,1698.8300000000002
12724.0,3,18,1286.11
15241.0,3,65,1293.72
15224.0,3,147,549.28
15223.0,3,244,662.2
15253.0,3,38,1136.89
15252.0,3,56,1362.63
15248.0,3,46,1893.93
18203.0,3,16,332.1
12358.0,3,10,2719.01
12361.0,3,97,321.35
12389.0,3,37,1433.33
18272.0,3,183,1307.4
13155.0,3,3,778.42
13154.0,3,34,1624.84
13150.0,3,119,449.96999999999997
12374.0,3,56,2246.29
12371.0,3,44,2179.42
18247.0,3,49,839.73
14569.0,3,87,369.94
14566.0,3,52,2660.0
12370.0,3,259,774.62
14075.0,3,38,792.61
12352.0,2,10,343.8
18217.0,2,148,323.29
18218.0,2,231,479.91999999999996
18239.0,2,7,588.75
18244.0,2,65,568.64
12373.0,2,259,763.0500000000001
12376.0,2,24,503.15
12377.0,2,16,1798.2
18084.0,2,18,704.75
18137.0,2,186,145.99
18136.0,2,44,847.03
18134.0,2,233,445.0
18112.0,2,53,420.67
13836.0,2,34,620.37
13834.0,2,211,324.19
18141.0,2,36,882.47
12393.0,2,17,816.85
16373.0,2,17,309.49
16286.0,2,112,328.95
16282.0,2,122,1139.28
16281.0,2,58,1361.96
16278.0,2,115,551.46
16276.0,2,114,1818.79
16275.0,2,109,1591.24
15201.0,2,74,606.4100000000001
15196.0,2,67,313.7
15247.0,2,112,620.06
17464.0,2,157,617.1800000000001
17463.0,2,195,659.4
17490.0,2,23,658.18
12696.0,2,69,851.91
17429.0,2,31,832.54
13584.0,2,133,243.3
13582.0,2,24,241.68
15269.0,2,15,816.56
15265.0,2,239,1839.52
15262.0,2,15,239.87
17413.0,2,39,560.14
17411.0,2,21,646.44
17408.0,2,135,283.44000000000005
17484.0,2,211,209.57
17525.0,2,32,739.2
17524.0,2,73,394.14
17521.0,2,29,554.85
17518.0,2,60,329.42
17513.0,2,43,645.6
17366.0,2,67,1077.24
15254.0,2,181,787.99
14427.0,2,129,900.1800000000001
12741.0,2,164,406.07
12739.0,2,20,1713.69
17478.0,2,43,1272.8
17477.0,2,247,1144.3
17476.0,2,30,489.86
17473.0,2,43,607.0
15210.0,2,13,845.01
13616.0,2,203,283.85
13614.0,2,28,747.28
13605.0,2,22,522.67
13601.0,2,27,466.67
17492.0,2,113,747.85
17547.0,2,10,727.85
12775.0,2,23,300.08
17393.0,2,45,381.15
14423.0,2,72,651.41
13559.0,2,147,990.0
15280.0,2,123,284.4
17376.0,2,39,250.44
12687.0,2,115,2138.91
15184.0,2,22,283.19
15181.0,2,55,510.72
15169.0,2,17,569.22
17326.0,2,43,312.35
17325.0,2,45,512.77
17310.0,2,22,1025.1
17309.0,2,16,237.64000000000001
17308.0,2,28,4511.76
12761.0,2,92,782.95
15314.0,2,48,492.47999999999996
15304.0,2,3,225.15
15303.0,2,200,650.16
15289.0,2,93,653.3100000000001
13556.0,2,64,200.82
17353.0,2,126,1502.0
17339.0,2,0,119.0
17335.0,2,18,497.04
17361.0,2,311,383.59000000000003
17497.0,2,25,287.25
13526.0,2,373,1182.0
13523.0,2,1,1136.64
12793.0,2,6,471.85
12789.0,2,147,181.5
17330.0,2,179,59.900000000000006
17327.0,2,44,152.35
13546.0,2,17,465.15
13545.0,2,25,364.93
13543.0,2,269,1439.6100000000001
13541.0,2,62,785.25
15363.0,2,7,678.11
15362.0,2,83,613.08
14151.0,2,308,679.45
14189.0,2,3,1160.31
14183.0,2,46,278.34000000000003
14181.0,2,45,308.35
14119.0,2,10,183.37
14452.0,2,30,399.9
14486.0,2,146,175.5
15151.0,2,58,2085.61
15137.0,2,155,823.4
15134.0,2,16,208.3
15133.0,2,17,824.48
15110.0,2,38,509.75
15109.0,2,214,498.15000000000003
15105.0,2,65,795.98
17300.0,2,25,393.64
12797.0,2,0,552.08
15350.0,2,8,547.6
15346.0,2,60,343.7
15378.0,2,97,246.5
13537.0,2,60,717.85
17257.0,2,71,189.78
17255.0,2,25,490.21999999999997
12785.0,2,170,788.45
17299.0,2,74,336.62
17294.0,2,304,467.78999999999996
17292.0,2,107,271.75
17286.0,2,35,237.81
13515.0,2,84,374.7
15403.0,2,126,170.88
15401.0,2,87,216.95000000000002
13919.0,2,59,975.87
13909.0,2,58,282.85
17285.0,2,263,407.94
17284.0,2,24,1140.58
17282.0,2,91,623.08
17306.0,2,28,1151.04
15423.0,2,216,223.39
15418.0,2,60,449.42
15410.0,2,203,1234.88
15406.0,2,88,465.15999999999997
15471.0,2,15,837.53
17237.0,2,10,679.44
17233.0,2,83,369.98
17226.0,2,79,501.97999999999996
17223.0,2,3,433.99
17270.0,2,104,601.4499999999999
17266.0,2,134,205.14
14443.0,2,3,966.27
15390.0,2,31,1216.66
15385.0,2,27,625.2
15384.0,2,16,1385.38
17258.0,2,31,417.3
15157.0,2,204,718.04
15154.0,2,113,1089.44
13897.0,2,73,849.56
13895.0,2,150,1415.45
13892.0,2,112,634.68
14014.0,2,11,1443.03
14013.0,2,15,611.5500000000001
14011.0,2,115,457.82
14010.0,2,200,445.15
17542.0,2,276,170.1
17536.0,2,55,288.33
17531.0,2,162,970.12
17529.0,2,245,1240.25
17251.0,2,17,529.15
17246.0,2,181,38.92
15430.0,2,102,954.75
17212.0,2,93,567.5600000000001
13513.0,2,76,619.49
13502.0,2,50,488.5
13501.0,2,121,1544.79
15501.0,2,39,399.95
17205.0,2,51,615.27
17198.0,2,0,521.66
12817.0,2,34,524.94
12811.0,2,13,519.05
12810.0,2,169,534.99
15461.0,2,95,429.7
15459.0,2,52,202.82999999999998
15451.0,2,69,226.86
12809.0,2,200,1266.63
12804.0,2,100,325.37
15102.0,2,165,554.67
17577.0,2,280,348.75
15076.0,2,127,566.89
15074.0,2,64,817.46
15071.0,2,21,473.49
15068.0,2,53,621.54
15126.0,2,171,449.49
15124.0,2,111,266.63
15114.0,2,18,639.56
17567.0,2,7,1024.55
17563.0,2,213,392.38
17184.0,2,204,198.41000000000003
17182.0,2,57,321.3
17181.0,2,8,225.45000000000002
17176.0,2,161,596.1899999999999
17172.0,2,65,638.81
17170.0,2,9,178.68
17143.0,2,52,880.97
17132.0,2,87,1220.9099999999999
17123.0,2,74,631.87
17163.0,2,80,406.68
12844.0,2,77,322.64
12842.0,2,39,799.0
12831.0,2,98,236.06
12825.0,2,156,518.63
17159.0,2,112,560.71
17158.0,2,182,713.03
17193.0,2,21,610.74
15484.0,2,175,1061.69
15525.0,2,8,430.78
15519.0,2,18,344.61
13487.0,2,140,271.47
13484.0,2,18,476.92
13992.0,2,15,142.7
15535.0,2,39,541.47
15529.0,2,1,1116.72
15566.0,2,27,227.87
15564.0,2,98,70.74000000000001
15562.0,2,59,536.88
15560.0,2,32,153.52
13480.0,2,51,627.82
13479.0,2,87,550.42
13474.0,2,78,419.75
13472.0,2,98,592.24
15512.0,2,25,210.58
13465.0,2,81,931.12
13459.0,2,259,1160.4099999999999
13458.0,2,14,2312.7
13457.0,2,323,148.22
12677.0,2,190,395.1
13619.0,2,179,224.94
15097.0,2,218,660.27
15094.0,2,98,83.0
15091.0,2,309,565.9
15086.0,2,199,218.53
15084.0,2,14,965.2
15080.0,2,62,546.25
15077.0,2,129,2428.08
12675.0,2,188,957.25
12670.0,2,20,764.24
12665.0,2,52,250.6
12664.0,2,149,1188.16
12663.0,2,259,239.4
14166.0,2,140,251.15
13996.0,2,21,895.76
15067.0,2,48,2118.12
13627.0,2,123,607.43
17594.0,2,84,1504.7
17591.0,2,2,519.95
12635.0,2,27,1241.23
17638.0,2,282,842.4
17629.0,2,23,641.4
17097.0,2,0,363.66
12862.0,2,60,984.62
14176.0,2,2,339.11
14173.0,2,276,135.16
15546.0,2,241,1079.1000000000001
15584.0,2,34,547.34
14169.0,2,65,621.51
14168.0,2,55,370.45
17580.0,2,11,325.3
14398.0,2,36,707.79
12880.0,2,16,640.13
12876.0,2,29,1863.77
12874.0,2,20,948.42
12873.0,2,32,1653.3
12866.0,2,109,668.23
12865.0,2,13,1755.24
17065.0,2,272,194.7
17110.0,2,155,336.59999999999997
17109.0,2,41,410.42
15577.0,2,358,137.15
13444.0,2,9,619.08
13439.0,2,23,702.9
13435.0,2,11,637.44
15037.0,2,11,397.76
15026.0,2,10,579.89
17624.0,2,72,725.15
13646.0,2,34,326.25
15012.0,2,8,429.78
15011.0,2,30,416.6
15008.0,2,115,360.0
15050.0,2,56,2349.5
17622.0,2,232,1130.21
17616.0,2,2,489.59999999999997
17608.0,2,84,296.07
17647.0,2,304,198.6
13428.0,2,149,276.76
15645.0,2,49,443.16
15639.0,2,86,639.76
14410.0,2,11,1531.63
14403.0,2,224,404.7
14400.0,2,43,1157.77
15001.0,2,29,199.10999999999999
14998.0,2,63,338.31
13677.0,2,39,551.24
13676.0,2,174,243.9
13666.0,2,55,43.25
13656.0,2,134,699.2
12639.0,2,69,826.27
17005.0,2,105,622.36
17004.0,2,27,1012.22
17045.0,2,11,488.24
17035.0,2,226,180.06
17034.0,2,44,530.9
13922.0,2,72,692.95
15636.0,2,72,719.82
15627.0,2,92,566.9
13432.0,2,206,439.1
14494.0,2,36,261.9
13877.0,2,105,332.44
14990.0,2,247,304.17
14986.0,2,11,563.1
14142.0,2,8,671.34
13988.0,2,18,609.84
13987.0,2,14,682.54
14191.0,2,29,132.9
14220.0,2,202,882.5999999999999
14219.0,2,44,543.89
17011.0,2,282,400.8
15651.0,2,55,612.76
15650.0,2,156,553.88
13425.0,2,143,1766.22
13406.0,2,62,568.92
17643.0,2,8,439.7
15678.0,2,30,1473.24
15677.0,2,56,648.4
15666.0,2,107,632.9399999999999
15662.0,2,296,283.73
15659.0,2,21,226.04
15711.0,2,191,420.25
16978.0,2,301,424.55
16974.0,2,157,365.5
17026.0,2,4,54.15
17020.0,2,177,935.62
17680.0,2,18,313.05
17671.0,2,0,830.63
14038.0,2,32,1509.5
14026.0,2,105,713.11
14020.0,2,111,606.21
14464.0,2,203,111.0
17662.0,2,296,412.92
17649.0,2,104,710.4
14996.0,2,116,442.28999999999996
14471.0,2,226,400.95
17689.0,2,23,317.08
17686.0,2,58,2557.35
12634.0,2,170,490.0
12897.0,2,16,297.75
16964.0,2,368,207.85
17000.0,2,31,406.3
16993.0,2,98,1950.9499999999998
15704.0,2,137,1441.04
15702.0,2,111,140.39000000000001
15695.0,2,232,721.06
13403.0,2,22,154.5
15682.0,2,234,318.24
15779.0,2,98,124.08000000000001
16961.0,2,23,560.39
16943.0,2,174,482.76
16932.0,2,58,262.32
16972.0,2,17,749.0
13395.0,2,35,872.51
13386.0,2,49,835.46
15748.0,2,84,465.45000000000005
15741.0,2,93,208.62
15736.0,2,70,1767.12
15734.0,2,71,923.85
15730.0,2,16,605.7
12907.0,2,30,508.91
12905.0,2,211,1018.42
12898.0,2,98,296.21000000000004
17664.0,2,109,561.59
12629.0,2,20,1558.22
12625.0,2,144,2481.06
17722.0,2,1,2006.32
14926.0,2,16,359.4
14924.0,2,245,620.96
14922.0,2,28,843.74
17708.0,2,37,620.85
17705.0,2,90,260.38
17702.0,2,18,1319.67
17699.0,2,111,442.0
17694.0,2,146,1412.85
17741.0,2,41,101.1
15729.0,2,35,107.55000000000001
15728.0,2,14,544.6
15786.0,2,52,3582.62
15784.0,2,102,848.3299999999999
13692.0,2,43,1626.08
14940.0,2,52,531.49
14938.0,2,197,2322.43
14932.0,2,0,666.13
12591.0,2,25,886.1
16893.0,2,1,249.89000000000001
16892.0,2,189,236.56
15766.0,2,91,516.0
15764.0,2,69,1223.1100000000001
13377.0,2,31,1552.88
13374.0,2,49,422.8
13371.0,2,140,2297.66
13368.0,2,49,498.1
16921.0,2,77,255.03
12923.0,2,25,597.6
12632.0,2,155,804.88
16913.0,2,286,310.46999999999997
16911.0,2,270,255.25
14206.0,2,23,856.85
13361.0,2,107,1450.5
15816.0,2,177,144.14999999999998
14375.0,2,85,871.26
14372.0,2,78,860.08
14369.0,2,277,469.13
14365.0,2,29,634.68
14253.0,2,128,363.40000000000003
14248.0,2,94,730.37
16903.0,2,15,678.55
16899.0,2,13,424.71000000000004
17731.0,2,256,468.88
17728.0,2,39,1362.75
13698.0,2,231,451.73
14904.0,2,43,605.05
14902.0,2,30,702.96
14894.0,2,78,837.0600000000001
14891.0,2,51,552.35
14890.0,2,253,691.6
14917.0,2,231,1123.75
17759.0,2,28,441.92
17745.0,2,112,600.34
14358.0,2,24,400.06
15814.0,2,28,689.11
15811.0,2,0,1557.38
15809.0,2,94,758.67
15807.0,2,43,913.62
15797.0,2,216,613.6800000000001
15794.0,2,371,777.0
12943.0,2,193,496.5
17776.0,2,21,330.56
17773.0,2,149,575.37
17771.0,2,71,141.6
17794.0,2,321,147.3
16887.0,2,35,465.84000000000003
16884.0,2,191,641.13
12948.0,2,365,252.48000000000002
15792.0,2,34,933.84
15842.0,2,28,548.8
13334.0,2,171,2699.48
13320.0,2,69,679.4
15824.0,2,88,890.94
14363.0,2,37,227.47000000000003
12582.0,2,57,1469.04
12578.0,2,20,1847.94
17766.0,2,16,299.61
16840.0,2,238,139.85
16838.0,2,165,570.76
16836.0,2,41,530.5
16833.0,2,74,1302.51
16832.0,2,63,218.45999999999998
16864.0,2,69,409.25
16863.0,2,1,495.72
15865.0,2,48,1346.29
16856.0,2,52,323.09000000000003
16854.0,2,52,1408.96
12542.0,2,119,481.88
17785.0,2,80,271.44
14877.0,2,53,425.85
14876.0,2,156,256.7
13686.0,2,15,337.04
17782.0,2,17,679.02
12553.0,2,20,916.47
17823.0,2,56,449.25
14091.0,2,289,9530.08
14087.0,2,39,638.0
13717.0,2,92,318.29
13710.0,2,58,329.04
14847.0,2,42,1039.55
14885.0,2,62,832.8
15884.0,2,67,244.60000000000002
15878.0,2,196,330.77
15876.0,2,44,1449.1399999999999
15872.0,2,13,413.0
13310.0,2,15,409.17
12958.0,2,35,467.34
16846.0,2,212,628.09
16844.0,2,197,614.34
17810.0,2,303,373.16
14487.0,2,3,225.89000000000001
14826.0,2,216,385.2
14819.0,2,129,184.34
16799.0,2,67,452.78000000000003
16781.0,2,7,623.0
16819.0,2,100,182.59
16815.0,2,88,406.02
12967.0,2,6,2646.02
13307.0,2,122,258.34
13300.0,2,23,913.62
13299.0,2,58,1076.2
15888.0,2,35,260.85
17792.0,2,102,368.35
12575.0,2,92,622.8199999999999
12562.0,2,20,1185.18
14835.0,2,163,297.0
13861.0,2,64,273.26
14490.0,2,41,1273.47
17847.0,2,150,129.69
17834.0,2,49,689.6700000000001
17864.0,2,20,321.72
17857.0,2,0,1803.2
16773.0,2,71,249.65
15914.0,2,13,205.99
15908.0,2,125,758.62
15956.0,2,186,617.6
16749.0,2,226,4157.88
16802.0,2,314,582.61
14115.0,2,136,622.6700000000001
14108.0,2,366,447.05
17814.0,2,10,1609.37
14332.0,2,16,1077.2
16726.0,2,18,705.14
16723.0,2,78,654.96
16720.0,2,11,605.79
13020.0,2,197,618.96
13010.0,2,9,330.12
13008.0,2,32,382.66
13005.0,2,66,485.98
13002.0,2,51,293.18
15943.0,2,284,271.28999999999996
15936.0,2,14,282.79
15934.0,2,52,2190.66
15978.0,2,67,2180.64
15969.0,2,60,460.95
14807.0,2,25,504.14
14838.0,2,58,769.9200000000001
17901.0,2,156,149.7
17898.0,2,87,147.12
17882.0,2,14,291.56
17880.0,2,274,366.0
13747.0,2,8,169.79999999999998
13733.0,2,45,487.03000000000003
14809.0,2,256,686.76
16704.0,2,253,664.16
16695.0,2,196,191.9
16692.0,2,43,638.6999999999999
16691.0,2,53,178.83
16690.0,2,28,127.45
15957.0,2,55,492.36
15988.0,2,186,582.11
15987.0,2,3,216.7
14342.0,2,67,249.88
15992.0,2,31,854.61
15989.0,2,10,368.31
13029.0,2,9,679.8
13024.0,2,105,555.87
16675.0,2,76,608.86
16712.0,2,36,621.5600000000001
14238.0,2,297,287.38
14237.0,2,8,471.14
14326.0,2,98,757.13
14324.0,2,44,701.61
14379.0,2,28,917.06
13285.0,2,235,655.47
13283.0,2,202,279.7
12533.0,2,262,1367.89
12527.0,2,129,386.8
12516.0,2,65,1336.56
12504.0,2,52,297.0
12497.0,2,35,5205.400000000001
12496.0,2,255,45.34
17924.0,2,8,574.2
14802.0,2,73,1502.98
17923.0,2,162,289.5
16647.0,2,77,327.84
16680.0,2,163,637.75
16677.0,2,46,880.62
16676.0,2,37,769.78
13034.0,2,4,279.91
16018.0,2,31,289.23
16014.0,2,43,453.45
16012.0,2,36,1563.3
15996.0,2,1,617.07
15994.0,2,46,761.4100000000001
16037.0,2,179,654.32
16036.0,2,59,1797.92
16075.0,2,137,736.9300000000001
13051.0,2,213,155.8
13049.0,2,24,751.5600000000001
13045.0,2,36,503.64
16024.0,2,46,232.96
16021.0,2,30,487.03
13275.0,2,18,238.86
13262.0,2,24,373.16
13258.0,2,14,336.59999999999997
13255.0,2,8,504.95
16648.0,2,90,382.14
17878.0,2,30,999.48
17870.0,2,1,1213.8
17866.0,2,119,805.3000000000001
17951.0,2,8,627.5400000000001
14741.0,2,7,497.25
14738.0,2,195,507.45
14736.0,2,120,374.05
14771.0,2,256,594.62
13768.0,2,361,875.97
13763.0,2,52,3502.48
12469.0,2,157,3070.54
16614.0,2,37,673.6
16608.0,2,88,1286.6200000000001
16606.0,2,39,357.66
16604.0,2,197,432.45
16601.0,2,25,434.3
16632.0,2,120,406.4
16050.0,2,18,162.8
16039.0,2,58,456.4
17967.0,2,6,223.42
14722.0,2,112,309.1
14707.0,2,70,139.2
14756.0,2,17,1914.8
14751.0,2,319,126.45
14704.0,2,59,258.96
13781.0,2,227,650.99
13776.0,2,63,623.98
16583.0,2,8,297.95
16576.0,2,55,540.87
16574.0,2,58,850.34
16568.0,2,62,1020.9000000000001
16628.0,2,42,130.05
13234.0,2,307,346.5
17916.0,2,263,43.87
17955.0,2,290,392.6
14058.0,2,97,469.19
14055.0,2,212,795.3199999999999
14053.0,2,32,312.05
13073.0,2,46,418.08
13067.0,2,44,393.05
13064.0,2,185,561.25
16089.0,2,21,263.49
16088.0,2,210,1437.43
16083.0,2,17,1033.8
16080.0,2,20,385.40000000000003
13253.0,2,65,1920.71
13252.0,2,29,399.3
13250.0,2,95,253.09
16590.0,2,35,605.9
16586.0,2,79,998.83
16585.0,2,228,341.59
14097.0,2,116,422.85999999999996
17999.0,2,1,338.41
16532.0,2,66,2007.84
13970.0,2,21,846.55
13964.0,2,22,438.9
13238.0,2,65,305.9
16139.0,2,357,475.74
13945.0,2,29,854.15
13936.0,2,17,563.08
14279.0,2,155,191.86
13773.0,2,31,301.54
14700.0,2,50,880.96
14696.0,2,8,688.95
14727.0,2,181,195.15
17960.0,2,157,61.300000000000004
14069.0,2,149,225.81
18011.0,2,8,410.79
14690.0,2,27,422.63
14687.0,2,35,773.6800000000001
14519.0,2,318,203.14
14353.0,2,45,285.9
14350.0,2,15,689.1
16132.0,2,179,664.1999999999999
16120.0,2,57,1658.3700000000001
16117.0,2,37,422.19
16535.0,2,20,378.28999999999996
14048.0,2,17,338.76
14552.0,2,15,343.71
14550.0,2,23,587.69
14672.0,2,150,347.59
14671.0,2,184,1127.45
14043.0,2,126,302.6
16204.0,2,15,534.53
16489.0,2,15,303.7
16487.0,2,212,209.4
16524.0,2,81,306.19
16522.0,2,70,433.36
13233.0,2,55,571.34
13207.0,2,86,285.6
16140.0,2,6,832.4200000000001
16518.0,2,56,475.05
16502.0,2,255,258.55
17995.0,2,17,419.38
18035.0,2,20,546.34
18026.0,2,135,2074.07
18021.0,2,144,216.41
18018.0,2,34,175.85
18016.0,2,45,476.90000000000003
13803.0,2,66,1061.84
13800.0,2,65,1121.24
12458.0,2,62,830.09
12449.0,2,45,768.6
12440.0,2,97,859.2
12439.0,2,317,1142.88
18063.0,2,25,186.60000000000002
18060.0,2,43,1185.46
16454.0,2,241,24.05
16453.0,2,165,251.71
16452.0,2,265,332.17
16451.0,2,196,746.1800000000001
13094.0,2,3,505.8
13091.0,2,364,1976.0
13198.0,2,22,1572.99
16166.0,2,63,435.83
16223.0,2,9,1087.05
16212.0,2,253,603.37
16211.0,2,56,543.5699999999999
13175.0,2,217,831.45
13108.0,2,7,748.46
13103.0,2,72,465.70000000000005
16442.0,2,239,282.68
16472.0,2,69,789.6
13164.0,2,204,372.2
16227.0,2,129,713.0
16226.0,2,13,417.05
16468.0,2,105,712.62
16465.0,2,55,746.24
16461.0,2,225,1402.91
14665.0,2,62,913.95
13804.0,2,70,572.73
18053.0,2,160,271.05
18049.0,2,72,500.92
18047.0,2,16,326.09
18078.0,2,60,389.40000000000003
14617.0,2,37,190.47000000000003
14616.0,2,20,121.7
14611.0,2,78,604.3299999999999
14610.0,2,30,24.35
14663.0,2,65,490.6
14657.0,2,64,601.97
12424.0,2,57,1579.07
16419.0,2,212,504.99
16418.0,2,43,397.62
16415.0,2,218,496.49
16450.0,2,219,1193.81
16447.0,2,225,471.19
12419.0,2,20,503.01
18074.0,2,8,1019.44
18066.0,2,21,1122.4
18108.0,2,231,577.8100000000001
13825.0,2,256,255.59
13809.0,2,29,524.65
13123.0,2,107,506.75
16406.0,2,85,374.01
16392.0,2,48,538.81
16437.0,2,16,301.25
16264.0,2,73,823.53
14308.0,2,184,1147.02
14304.0,2,14,1341.56
14303.0,2,42,277.94
14296.0,2,56,456.40000000000003
18058.0,2,176,603.9
16273.0,2,283,318.34000000000003
16384.0,2,64,774.4499999999999
14272.0,2,197,482.85
14265.0,2,99,843.17
14321.0,2,66,687.3100000000001
16261.0,2,21,312.62
16256.0,2,128,876.9399999999999
16250.0,2,8,401.94
16246.0,2,94,821.35
14315.0,2,199,716.69
14309.0,2,48,1428.28
13138.0,2,7,504.85
13134.0,2,37,681.65
13129.0,2,87,233.25
12423.0,2,22,763.08
12421.0,2,50,291.56
12379.0,2,57,767.98
16310.0,2,49,460.08
16306.0,2,2,560.55
16321.0,2,261,230.9
16317.0,2,185,850.86
16340.0,2,74,961.93
16382.0,2,43,353.1
16381.0,2,30,247.85
16375.0,2,105,104.0
18179.0,2,157,754.38
18196.0,2,106,770.56
18193.0,2,15,963.59
14564.0,2,69,2605.62
14563.0,2,144,640.54
14599.0,2,25,457.89
14595.0,2,88,423.85
17456.0,2,0,975.5600000000001
12734.0,2,9,529.25
15228.0,2,63,2193.56
13597.0,2,35,396.71
12721.0,2,20,1356.95
12711.0,2,246,1339.05
17482.0,2,122,775.64
12357.0,2,23,12079.99
12388.0,2,80,1120.45
18286.0,2,111,1296.43
12347.0,2,2,1323.32
18275.0,2,213,741.85
18271.0,2,244,680.85
18262.0,2,28,428.06
13151.0,2,260,1207.34
18230.0,2,13,1480.8600000000001
18201.0,1,357,447.53000000000003
12353.0,1,43,317.76
12355.0,1,202,488.21000000000004
12362.0,1,373,130.0
12366.0,1,268,500.24
12392.0,1,226,234.75000000000003
12387.0,1,50,143.94
12386.0,1,1,258.9
18281.0,1,212,120.32
18256.0,1,22,110.7
12368.0,1,263,917.6999999999999
18285.0,1,295,427.0
18284.0,1,66,461.68
18273.0,1,225,153.0
14039.0,1,210,115.08000000000001
18243.0,1,49,515.78
18246.0,1,244,162.72
18253.0,1,277,317.88
18254.0,1,216,267.9
18255.0,1,91,199.85
12378.0,1,197,1407.7
12385.0,1,14,1938.4
18221.0,1,25,383.33
18227.0,1,119,295.0
18234.0,1,186,179.6
18238.0,1,150,270.92
12400.0,1,49,205.25
12403.0,1,156,591.6600000000001
12404.0,1,317,63.24
13839.0,1,121,139.95000000000002
16285.0,1,281,176.9
16288.0,1,105,129.85
16289.0,1,97,136.31
16362.0,1,72,212.17
16367.0,1,18,549.8100000000001
16368.0,1,70,141.53
16371.0,1,83,157.2
16377.0,1,252,632.28
16323.0,1,212,146.16
16328.0,1,198,310.83
16334.0,1,127,263.73
13158.0,1,23,307.12
13161.0,1,135,359.38
13163.0,1,245,17.65
16291.0,1,317,117.72
16294.0,1,111,126.05000000000001
14294.0,1,42,375.34
14266.0,1,63,40.56
14268.0,1,105,354.85
14269.0,1,74,295.73
14271.0,1,44,101.86
14274.0,1,321,256.6
14278.0,1,44,205.83
13139.0,1,72,3138.04
16386.0,1,22,765.59
16357.0,1,16,209.49
16358.0,1,29,892.1500000000001
16312.0,1,67,171.15
16274.0,1,8,351.75
16277.0,1,368,188.69
16280.0,1,360,238.05
16284.0,1,28,205.8
13119.0,1,303,134.9
13124.0,1,20,885.33
13125.0,1,158,148.62
13128.0,1,266,263.5
13133.0,1,94,90.65
13135.0,1,126,275.45
14310.0,1,67,492.1
14311.0,1,202,206.19
14314.0,1,65,109.80000000000001
14263.0,1,58,322.93
16244.0,1,7,1056.63
16251.0,1,147,128.31
16252.0,1,17,295.09000000000003
16262.0,1,13,755.15
14318.0,1,95,158.02
14319.0,1,59,494.85
16269.0,1,72,717.57
13165.0,1,48,429.68
13166.0,1,49,458.73
13167.0,1,25,333.82
13168.0,1,177,541.14
13169.0,1,197,127.2
16439.0,1,357,310.70000000000005
16440.0,1,128,216.3
16388.0,1,288,186.05
16396.0,1,111,137.8
16397.0,1,263,123.13
16399.0,1,24,222.20000000000002
16402.0,1,4,205.65
16408.0,1,226,231.93
16410.0,1,369,130.32
16413.0,1,10,259.83
13179.0,1,253,572.3100000000001
13180.0,1,242,86.10000000000001
13181.0,1,16,359.69
16237.0,1,72,136.65
16238.0,1,57,63.66
16214.0,1,70,975.5
16219.0,1,135,40.8
16222.0,1,356,498.5
13114.0,1,365,234.38
16448.0,1,106,178.13
16417.0,1,127,35.7
16420.0,1,31,75.0
16424.0,1,17,309.5
16433.0,1,43,200.26
16263.0,1,58,348.16
16267.0,1,226,186.66
16193.0,1,45,315.98
16194.0,1,10,308.59999999999997
16195.0,1,358,323.25
16196.0,1,123,93.3
16473.0,1,9,154.72
16476.0,1,66,350.35
16481.0,1,317,453.38
16486.0,1,172,134.36
16443.0,1,155,162.24
13105.0,1,71,72.0
13106.0,1,48,526.96
13109.0,1,186,347.49
13111.0,1,353,321.88000000000005
13112.0,1,176,20.6
13172.0,1,35,69.6
13177.0,1,65,229.75
16201.0,1,50,248.65
16165.0,1,140,79.9
13191.0,1,293,164.69
13194.0,1,56,412.08
13195.0,1,49,136.73
13197.0,1,244,373.01000000000005
13204.0,1,366,966.6600000000001
13088.0,1,52,236.11
13096.0,1,29,419.70000000000005
16459.0,1,364,71.78999999999999
16469.0,1,149,178.48000000000002
16224.0,1,22,321.24
16178.0,1,36,414.7
16185.0,1,199,115.31
16188.0,1,43,105.80000000000001
16192.0,1,370,351.3
13220.0,1,210,516.8
13222.0,1,212,88.5
13226.0,1,28,204.25
16148.0,1,71,310.3
16149.0,1,64,141.70000000000002
16526.0,1,219,426.85
16527.0,1,59,1004.88
16530.0,1,303,48.349999999999994
16490.0,1,71,205.41000000000003
16491.0,1,48,801.66
16492.0,1,175,385.56
13083.0,1,60,91.67999999999999
13084.0,1,126,122.39999999999999
13086.0,1,17,439.33000000000004
13087.0,1,361,313.64
16198.0,1,72,629.36
16540.0,1,49,205.75
16541.0,1,370,424.03
16542.0,1,36,137.7
16543.0,1,226,292.21
16545.0,1,10,350.52
16547.0,1,181,104.25999999999999
16548.0,1,234,30.15
16501.0,1,18,1191.23
16507.0,1,207,142.71
16508.0,1,265,240.95
13205.0,1,78,2803.2
16141.0,1,52,335.54
16146.0,1,83,212.25
13215.0,1,37,81.6
13217.0,1,290,132.5
13219.0,1,253,76.23
13955.0,1,10,221.10999999999999
16135.0,1,218,301.9
16136.0,1,298,237.42
16137.0,1,315,422.7
13241.0,1,46,112.53
13966.0,1,70,384.26
13967.0,1,31,85.6
13968.0,1,58,123.66
16559.0,1,32,175.0
16562.0,1,111,223.85999999999999
16564.0,1,204,87.8
16534.0,1,277,635.9
16537.0,1,276,23.35
16118.0,1,287,4376.25
16127.0,1,361,145.06
14347.0,1,371,82.6
16111.0,1,63,549.33
16082.0,1,305,106.75
16090.0,1,259,180.56
13063.0,1,115,188.4
13071.0,1,247,129.22
13076.0,1,92,135.4
13079.0,1,52,199.08
14281.0,1,43,245.15
14284.0,1,288,704.4
14254.0,1,67,601.03
13961.0,1,27,538.4
13962.0,1,70,193.25
13937.0,1,37,721.28
13942.0,1,169,320.0
13943.0,1,212,246.54
13944.0,1,288,200.43
16058.0,1,41,62.7
16061.0,1,66,89.65
16064.0,1,360,109.31
16068.0,1,228,115.73
16069.0,1,52,457.7
16630.0,1,42,106.80000000000001
16577.0,1,301,380.0
16578.0,1,261,156.6
16579.0,1,60,295.05
16589.0,1,85,153.12
16552.0,1,8,95.29
13245.0,1,67,558.72
13251.0,1,37,252.68
13254.0,1,11,51.410000000000004
16109.0,1,333,327.6
16110.0,1,157,460.64
16078.0,1,304,283.79
16035.0,1,195,217.73
16044.0,1,70,340.84000000000003
16046.0,1,197,235.78
16047.0,1,317,107.14
16635.0,1,41,473.0
16639.0,1,44,490.47
16640.0,1,32,179.4
16599.0,1,20,172.8
16602.0,1,23,235.25
16605.0,1,359,60.48
16615.0,1,261,291.5
16622.0,1,178,225.4
16095.0,1,91,447.05
16100.0,1,97,582.64
13237.0,1,22,643.0
13264.0,1,77,722.5600000000001
13270.0,1,1,590.0
13274.0,1,44,360.85
16028.0,1,230,82.2
16651.0,1,221,136.2
16662.0,1,29,151.05
16663.0,1,364,165.0
16664.0,1,204,109.2
16666.0,1,256,98.73
16673.0,1,314,171.13
13046.0,1,91,319.94
13053.0,1,256,127.65
13055.0,1,64,1106.7
13056.0,1,186,209.48
16074.0,1,25,252.5
16077.0,1,260,2300.4
16001.0,1,16,583.39
16002.0,1,260,169.21
16006.0,1,22,231.42
13281.0,1,74,350.85
13282.0,1,41,181.05
13033.0,1,64,30.0
13035.0,1,66,442.32
13036.0,1,319,307.1
16641.0,1,336,323.40000000000003
16642.0,1,50,389.12
16643.0,1,57,435.6
16645.0,1,370,160.39
16646.0,1,84,678.8
16649.0,1,155,306.58000000000004
16051.0,1,316,188.44
13257.0,1,71,149.75
14381.0,1,86,423.26
14382.0,1,25,578.14
14384.0,1,135,58.5
14325.0,1,204,245.48000000000002
14231.0,1,85,309.91
14240.0,1,58,357.15
14241.0,1,331,120.0
16714.0,1,305,368.27
16715.0,1,197,323.8
13022.0,1,64,65.3
13023.0,1,163,759.13
13025.0,1,366,323.39
13030.0,1,3,402.36
15991.0,1,169,150.55
15995.0,1,49,694.54
15999.0,1,370,20.4
14339.0,1,63,310.75
15982.0,1,240,324.51
15986.0,1,16,186.3
15961.0,1,14,451.28999999999996
15962.0,1,84,289.48
16681.0,1,276,151.5
16683.0,1,168,320.25
16687.0,1,25,157.63
16694.0,1,358,98.30000000000001
13974.0,1,217,264.13
14255.0,1,181,1000.63
13286.0,1,235,734.91
13289.0,1,358,307.95
13290.0,1,73,208.63
13294.0,1,281,815.79
14380.0,1,317,48.96
15970.0,1,233,703.22
15979.0,1,237,329.22
15928.0,1,291,293.53
15929.0,1,279,594.0
15931.0,1,63,239.9
15939.0,1,9,2945.38
15941.0,1,272,405.0
16716.0,1,265,1248.48
13007.0,1,214,175.25
13009.0,1,307,234.0
13011.0,1,7,50.550000000000004
13014.0,1,67,1914.8
16724.0,1,39,147.35
14328.0,1,73,445.05
14330.0,1,258,200.63
14338.0,1,171,339.88
15918.0,1,266,248.65
15919.0,1,3,214.07999999999998
16776.0,1,50,220.97
16731.0,1,283,170.3
16733.0,1,164,259.68
16737.0,1,212,417.59999999999997
16739.0,1,171,463.43
16740.0,1,30,226.91
12979.0,1,364,517.7
12983.0,1,233,490.08000000000004
12991.0,1,24,261.06
12992.0,1,360,93.35000000000001
12996.0,1,10,355.5
15964.0,1,298,269.21000000000004
15966.0,1,85,426.53000000000003
15968.0,1,23,404.55
16785.0,1,44,533.78
16786.0,1,28,51.839999999999996
13000.0,1,360,497.65000000000003
16741.0,1,260,173.06
16752.0,1,7,207.5
16757.0,1,44,163.65
16760.0,1,65,228.0
16763.0,1,373,352.85
16765.0,1,17,420.75
15948.0,1,59,553.85
15951.0,1,16,304.95
15954.0,1,224,190.75
15902.0,1,15,145.01
15905.0,1,178,114.69
15913.0,1,169,6.300000000000001
15915.0,1,36,364.45
15924.0,1,366,102.82
15926.0,1,177,134.44
15927.0,1,282,106.54
15899.0,1,3,56.25
13302.0,1,161,95.45
13303.0,1,35,61.72
13306.0,1,65,53.65
13308.0,1,231,284.86
13309.0,1,27,249.58
12964.0,1,72,132.24
12969.0,1,237,122.45
12973.0,1,48,385.55
12974.0,1,200,264.15
16821.0,1,16,113.35
16780.0,1,42,174.16
16783.0,1,71,391.95
16829.0,1,23,316.1
16831.0,1,199,91.8
16834.0,1,309,485.5
16845.0,1,253,253.88
16847.0,1,253,421.45000000000005
16810.0,1,55,532.5
12959.0,1,119,150.95
12961.0,1,14,211.99
13312.0,1,86,124.75
13315.0,1,324,310.26
15871.0,1,72,33.099999999999994
15875.0,1,281,108.52
15880.0,1,4,329.03000000000003
15892.0,1,304,128.2
15922.0,1,8,369.5
15923.0,1,7,127.08
15848.0,1,256,137.99
15851.0,1,161,109.73
15852.0,1,161,96.55
15855.0,1,111,340.48
15857.0,1,65,273.48
15859.0,1,67,438.46
15864.0,1,16,244.44000000000003
15868.0,1,218,94.53
15869.0,1,261,171.47
16865.0,1,36,130.95
16867.0,1,324,76.74000000000001
16870.0,1,104,450.15999999999997
16874.0,1,14,209.89000000000001
16876.0,1,38,136.01
16822.0,1,321,181.39
16824.0,1,28,225.6
15833.0,1,372,80.4
15837.0,1,120,385.03000000000003
13326.0,1,67,281.76
13331.0,1,36,262.4
13337.0,1,181,1575.26
12945.0,1,291,437.16
12946.0,1,71,324.45
12947.0,1,8,304.04
12953.0,1,157,498.96000000000004
12954.0,1,273,162.45
16885.0,1,20,234.19
16886.0,1,91,134.0
16857.0,1,77,352.8
15893.0,1,116,305.28000000000003
15894.0,1,4,151.44
15846.0,1,20,107.01
14203.0,1,32,339.34
14207.0,1,322,157.8
14208.0,1,186,415.31
14212.0,1,80,1119.6599999999999
14213.0,1,39,1192.2
16908.0,1,357,252.59
16880.0,1,128,321.78
12941.0,1,359,377.49
12942.0,1,0,258.75
15799.0,1,53,537.1999999999999
14412.0,1,59,656.16
14414.0,1,9,902.35
13903.0,1,35,165.45000000000002
14361.0,1,213,214.70999999999998
15826.0,1,203,943.97
15828.0,1,10,1108.82
13380.0,1,67,62.4
15761.0,1,77,143.05
15765.0,1,301,370.63
15770.0,1,247,321.45
16896.0,1,190,103.95
16901.0,1,364,204.26
14244.0,1,295,366.41999999999996
14252.0,1,16,350.99
14200.0,1,252,379.2
14366.0,1,160,136.0
14374.0,1,176,108.0
14376.0,1,318,215.46
14378.0,1,256,131.25
15818.0,1,223,340.5
13359.0,1,38,603.75
13363.0,1,44,731.36
15788.0,1,143,221.82999999999998
15724.0,1,35,92.6
15726.0,1,25,321.91
16962.0,1,44,251.04
16917.0,1,267,1460.3600000000001
16920.0,1,46,355.45
12914.0,1,35,223.98
12925.0,1,227,35.28
12927.0,1,29,197.31
12934.0,1,371,181.65
16922.0,1,207,611.08
16925.0,1,175,125.65
13367.0,1,66,510.20000000000005
13369.0,1,0,308.28000000000003
13370.0,1,6,754.87
13375.0,1,79,1013.58
13383.0,1,178,305.28000000000003
13387.0,1,52,186.94
13388.0,1,238,508.55
13392.0,1,312,91.14
12911.0,1,186,1651.72
16970.0,1,261,71.4
16936.0,1,20,286.39
16937.0,1,134,196.25
16941.0,1,246,33.0
16944.0,1,244,101.36
16958.0,1,70,778.49
15772.0,1,53,280.88
15773.0,1,44,138.84
15775.0,1,266,45.6
15778.0,1,66,307.95
15782.0,1,65,1399.36
15689.0,1,252,266.93
15693.0,1,294,37.5
15697.0,1,324,246.75
15698.0,1,259,46.2
16991.0,1,56,1041.21
16998.0,1,79,107.0
12890.0,1,22,329.3
12892.0,1,31,263.38
12894.0,1,210,157.35
12899.0,1,48,366.4
12900.0,1,57,340.33
12903.0,1,63,833.53
15731.0,1,188,125.3
15735.0,1,56,327.68
15742.0,1,254,156.87
15718.0,1,175,293.79
13977.0,1,46,519.8100000000001
13981.0,1,50,331.14
17022.0,1,67,189.0
16973.0,1,21,127.0
16980.0,1,63,394.37
16988.0,1,14,256.55
16990.0,1,57,165.0
15709.0,1,224,194.6
15710.0,1,52,898.87
15670.0,1,191,152.15
15672.0,1,360,45.300000000000004
15675.0,1,39,218.35
13398.0,1,83,213.0
13400.0,1,217,310.83
15720.0,1,185,140.49
15688.0,1,53,190.57
15685.0,1,85,55.980000000000004
15686.0,1,55,90.0
13412.0,1,255,487.34999999999997
13416.0,1,371,228.3
13423.0,1,63,217.03
13424.0,1,84,572.77
17007.0,1,72,230.17000000000002
17008.0,1,64,81.36
17009.0,1,186,242.06
17012.0,1,360,360.61
17016.0,1,211,552.4
14216.0,1,49,310.74
14226.0,1,76,770.34
14190.0,1,301,79.9
14192.0,1,23,293.74
14193.0,1,31,356.8
15630.0,1,279,295.05
15631.0,1,277,596.67
15634.0,1,18,311.1
15635.0,1,30,100.35
13927.0,1,72,359.27
14417.0,1,22,524.65
14419.0,1,17,202.85
14391.0,1,211,135.6
17055.0,1,80,232.85
17056.0,1,373,128.60000000000002
17033.0,1,32,302.65000000000003
17036.0,1,18,176.9
17038.0,1,50,630.77
17039.0,1,239,1954.99
17040.0,1,185,13.52
15683.0,1,108,330.79
17074.0,1,197,203.05
17077.0,1,213,306.0
17084.0,1,31,2253.22
17087.0,1,372,221.53
17089.0,1,21,128.45
12869.0,1,316,337.66999999999996
12871.0,1,74,363.38
12887.0,1,18,222.4
14392.0,1,67,266.4
14394.0,1,199,93.8
14402.0,1,287,285.6
14405.0,1,21,195.0
15642.0,1,364,105.78000000000002
15647.0,1,50,169.0
15620.0,1,44,389.18
15626.0,1,56,391.72
13441.0,1,66,424.26
13445.0,1,261,241.89999999999998
15608.0,1,50,692.3
15613.0,1,245,433.71999999999997
15616.0,1,73,317.11
15575.0,1,254,30.1
15583.0,1,11,95.96
17104.0,1,58,474.03
17106.0,1,24,481.58
17108.0,1,298,174.95
17111.0,1,60,227.97
17112.0,1,137,197.57
17057.0,1,231,294.74
17066.0,1,361,228.34
17070.0,1,45,133.18
17072.0,1,260,273.35
15598.0,1,62,307.34
15599.0,1,80,488.32
15603.0,1,283,40.0
15543.0,1,94,114.4
15545.0,1,6,135.32999999999998
15548.0,1,230,158.09
15552.0,1,258,162.4
14171.0,1,365,135.0
12861.0,1,254,68.25
12864.0,1,143,152.45
17116.0,1,283,389.78
17093.0,1,227,235.88
17094.0,1,58,100.2
17099.0,1,168,582.17
17103.0,1,357,424.3
13438.0,1,182,46.5
15534.0,1,360,162.25
15536.0,1,44,259.09
15540.0,1,10,247.38
13452.0,1,107,139.8
12847.0,1,22,765.36
12848.0,1,310,208.0
12850.0,1,80,330.0
12851.0,1,112,148.95
12858.0,1,18,147.27
12859.0,1,93,575.1
12860.0,1,328,54.22
14197.0,1,45,390.05
14163.0,1,97,148.71
15588.0,1,312,579.6
15595.0,1,122,357.6
15597.0,1,210,238.8
17168.0,1,133,400.2
17169.0,1,213,320.95
17121.0,1,37,314.74
17129.0,1,155,31.85
17134.0,1,77,212.1
17136.0,1,297,231.68
17149.0,1,86,143.10000000000002
17151.0,1,370,231.90000000000003
17152.0,1,60,327.0
13453.0,1,37,424.71
13454.0,1,276,219.87
15509.0,1,15,152.41
13469.0,1,288,82.4
15558.0,1,274,202.68
15559.0,1,203,1109.4
15530.0,1,147,311.37
15515.0,1,22,171.81
15524.0,1,241,151.4
15479.0,1,368,147.4
15481.0,1,36,1993.34
15486.0,1,162,102.0
15487.0,1,314,231.32
15490.0,1,65,210.85
15495.0,1,14,246.5
15496.0,1,266,146.14000000000001
17192.0,1,171,75.28
17194.0,1,165,549.88
17156.0,1,126,591.87
12829.0,1,185,92.30000000000001
12837.0,1,204,528.5600000000001
12846.0,1,317,15.58
17161.0,1,79,856.01
15473.0,1,79,274.8
13490.0,1,289,154.25
13498.0,1,365,327.38
13500.0,1,36,299.53
13508.0,1,277,176.07999999999998
13509.0,1,142,135.0
13511.0,1,311,282.76
15474.0,1,230,150.35
17210.0,1,27,251.72
17215.0,1,99,186.15
17216.0,1,189,63.6
17171.0,1,296,159.68
17177.0,1,140,119.5
17178.0,1,366,432.96
17187.0,1,161,263.76
13482.0,1,262,151.45
15455.0,1,232,38.25
15458.0,1,37,208.79999999999998
15462.0,1,80,502.45
15468.0,1,27,962.97
15469.0,1,73,335.7
15470.0,1,210,63.419999999999995
12819.0,1,93,540.52
12821.0,1,246,128.07999999999998
17195.0,1,290,562.98
17196.0,1,62,327.75
17199.0,1,217,135.04000000000002
17202.0,1,55,160.65
17207.0,1,287,292.62
17208.0,1,30,111.15
15499.0,1,358,158.65
15503.0,1,361,116.26
15432.0,1,176,149.57
15437.0,1,275,193.29000000000002
15445.0,1,225,171.0
17240.0,1,231,130.6
17245.0,1,324,200.18
17248.0,1,116,181.89000000000001
17249.0,1,63,68.03
17217.0,1,254,96.6
17219.0,1,51,144.9
12801.0,1,135,1071.82
12803.0,1,28,1092.81
12807.0,1,18,330.35
15477.0,1,284,368.4
15478.0,1,210,583.56
15448.0,1,309,294.17
15454.0,1,253,126.89
14446.0,1,21,189.93
14447.0,1,35,548.5
13905.0,1,367,312.65
13906.0,1,44,42.0
17264.0,1,59,268.28
17269.0,1,20,491.81
17271.0,1,371,204.3
17273.0,1,59,141.12
17274.0,1,30,465.4
17275.0,1,18,114.1
17276.0,1,37,502.49
17224.0,1,136,100.86
17225.0,1,216,131.15
15409.0,1,356,131.25
15424.0,1,98,214.44
15431.0,1,137,153.24
15405.0,1,211,310.74
15374.0,1,259,139.32
15375.0,1,325,60.959999999999994
13516.0,1,52,295.85
13519.0,1,77,220.46
17296.0,1,365,338.13
12784.0,1,164,1230.33
12786.0,1,244,728.5
17254.0,1,36,198.29
17260.0,1,46,120.95
17261.0,1,144,221.59
15387.0,1,127,468.65
15391.0,1,219,289.87
15396.0,1,218,508.20000000000005
14444.0,1,91,120.44
14445.0,1,90,221.65
15341.0,1,84,382.2
15352.0,1,183,111.15
12796.0,1,263,381.0
12798.0,1,56,1533.8899999999999
12799.0,1,164,219.35
17301.0,1,259,131.15
17304.0,1,169,111.5
17305.0,1,283,2135.46
17278.0,1,200,25.2
17280.0,1,73,118.85999999999999
17283.0,1,13,188.46
13907.0,1,326,136.8
13912.0,1,58,124.95
13913.0,1,141,42.22
13915.0,1,29,70.80000000000001
15404.0,1,10,257.06
13551.0,1,301,152.39999999999998
13553.0,1,309,499.6
14003.0,1,367,209.41
14007.0,1,147,79.48
14008.0,1,67,509.04
14009.0,1,97,404.3
17328.0,1,308,104.7
17334.0,1,41,328.13
12787.0,1,48,398.52
12790.0,1,45,266.93
12792.0,1,169,426.47
13530.0,1,269,402.97999999999996
13535.0,1,37,89.5
15379.0,1,35,1174.55
15338.0,1,312,277.93
15340.0,1,196,105.5
15317.0,1,312,129.75
15322.0,1,111,711.18
12763.0,1,4,320.08
17316.0,1,55,124.45
17318.0,1,360,157.32999999999998
17319.0,1,304,29.1
14187.0,1,108,123.5
14148.0,1,49,309.09000000000003
15368.0,1,29,275.8
15370.0,1,45,1352.96
15371.0,1,297,59.400000000000006
15328.0,1,42,107.24
13547.0,1,43,167.08
13548.0,1,106,223.28
13549.0,1,22,87.6
13550.0,1,18,342.55
12776.0,1,302,55.5
12777.0,1,92,519.45
12780.0,1,233,337.4
17359.0,1,283,156.6
17336.0,1,107,81.12
17344.0,1,363,299.74
17352.0,1,331,36.25
17355.0,1,21,273.31
15336.0,1,36,240.5
15337.0,1,46,373.02
15293.0,1,300,247.5
15294.0,1,45,233.35
15295.0,1,289,207.04
15302.0,1,365,308.0
15305.0,1,190,93.6
15310.0,1,113,1634.64
13565.0,1,46,174.57999999999998
14458.0,1,15,228.07
14459.0,1,286,3537.821
14462.0,1,67,262.24
14463.0,1,134,256.95
17383.0,1,88,110.69999999999999
17384.0,1,102,171.15
17386.0,1,20,126.35000000000001
17390.0,1,55,149.3
17392.0,1,85,168.65
12767.0,1,10,949.82
12768.0,1,85,168.69000000000003
12770.0,1,91,1895.0
12771.0,1,120,282.3
12773.0,1,199,124.25
12774.0,1,170,98.7
13578.0,1,44,147.66
15285.0,1,42,94.92
15256.0,1,196,71.95
15257.0,1,49,368.75
12751.0,1,79,268.27
12760.0,1,90,347.8
17397.0,1,51,516.87
17401.0,1,176,114.85
17403.0,1,85,118.95
17369.0,1,90,979.1999999999999
17374.0,1,30,231.34
17375.0,1,66,260.45
17378.0,1,9,10.95
15324.0,1,336,140.22000000000003
15282.0,1,205,348.59
15284.0,1,135,24.75
13586.0,1,176,127.28
13594.0,1,120,136.35000000000002
17423.0,1,28,420.54
17433.0,1,20,266.8
17435.0,1,46,331.35
17437.0,1,164,369.68
17395.0,1,143,97.5
12737.0,1,133,100.0
12738.0,1,7,155.35
12742.0,1,260,1201.52
12746.0,1,175,254.55
14429.0,1,38,516.28
14433.0,1,100,280.7
14435.0,1,136,90.42
14436.0,1,188,182.64000000000001
13574.0,1,46,404.45
15242.0,1,57,302.04
15243.0,1,70,610.6
15244.0,1,301,280.51
15246.0,1,190,266.25
12728.0,1,18,233.84
12730.0,1,156,829.25
17439.0,1,290,325.74
17440.0,1,184,137.16
17441.0,1,367,293.35
17407.0,1,46,552.9
17417.0,1,183,164.18
17418.0,1,22,206.60000000000002
15264.0,1,165,454.66
15273.0,1,234,228.96
15277.0,1,60,220.44
13583.0,1,314,664.001
15211.0,1,0,383.07
15212.0,1,11,106.47999999999999
15216.0,1,253,389.49
17467.0,1,30,102.6
17468.0,1,10,57.8
17471.0,1,109,321.65000000000003
17472.0,1,263,224.81
17474.0,1,234,1047.0
17479.0,1,267,389.26000000000005
17480.0,1,79,370.40999999999997
17483.0,1,49,177.69
12717.0,1,225,277.93
15250.0,1,275,60.0
15229.0,1,221,160.5
15231.0,1,256,250.26
15233.0,1,36,59.400000000000006
15188.0,1,360,310.43
15190.0,1,69,834.4399999999999
12686.0,1,6,89.14
12691.0,1,55,134.6
12692.0,1,272,110.95
12694.0,1,56,973.68
12698.0,1,225,339.75
12699.0,1,52,638.11
17488.0,1,276,336.5
17458.0,1,16,213.08
13580.0,1,41,107.75
13581.0,1,49,162.53
15200.0,1,129,549.05
15202.0,1,55,1108.44
15208.0,1,58,100.4
15209.0,1,365,178.98000000000002
15162.0,1,366,312.9
15165.0,1,8,487.75
17494.0,1,136,54.699999999999996
17495.0,1,25,309.16
17499.0,1,196,718.51
17510.0,1,55,206.07999999999998
17514.0,1,304,313.35
17516.0,1,13,182.62
17487.0,1,363,160.55
15217.0,1,198,426.24
15219.0,1,283,379.7
15166.0,1,102,167.16
15170.0,1,41,81.15
15174.0,1,45,345.71
15176.0,1,302,988.04
15177.0,1,60,948.93
15143.0,1,67,304.18
14483.0,1,371,120.0
14123.0,1,368,436.18
14126.0,1,79,466.33000000000004
14128.0,1,186,286.71
14131.0,1,283,168.22
14133.0,1,368,305.5
17543.0,1,184,120.05
17493.0,1,20,100.91000000000001
13600.0,1,269,298.9
13604.0,1,293,717.62
13607.0,1,37,400.3
13608.0,1,175,232.05
13609.0,1,228,167.35
13612.0,1,267,818.29
15161.0,1,23,119.92
17575.0,1,302,171.7
17532.0,1,20,65.34
17533.0,1,69,34.8
17541.0,1,144,119.86
14153.0,1,118,233.4
14118.0,1,63,458.45
13879.0,1,280,395.5
13896.0,1,260,388.55
13898.0,1,46,530.47
15152.0,1,336,518.14
15155.0,1,18,383.96999999999997
15158.0,1,36,204.62
15131.0,1,29,80.28
15135.0,1,191,166.63
15138.0,1,28,502.52
15140.0,1,77,889.44
13625.0,1,231,301.26
13626.0,1,14,449.81
17583.0,1,195,135.95
17556.0,1,14,142.77
17557.0,1,367,34.0
17558.0,1,28,259.17
17559.0,1,147,167.62
17565.0,1,221,131.83
17568.0,1,268,374.45
17570.0,1,16,100.0
17571.0,1,177,205.23999999999998
15112.0,1,246,209.4
15115.0,1,367,191.74
15127.0,1,154,304.97
15128.0,1,65,312.68
15072.0,1,114,187.51999999999998
17601.0,1,15,297.07
17605.0,1,225,160.75
17606.0,1,372,87.30000000000001
17607.0,1,11,333.81
17579.0,1,213,304.38
12661.0,1,71,162.0
12666.0,1,29,1248.42
12671.0,1,241,2622.481
12672.0,1,230,211.15
12673.0,1,36,619.5
15082.0,1,303,93.35000000000001
15085.0,1,364,347.54
15092.0,1,97,318.65
13620.0,1,163,112.34
13622.0,1,331,658.95
13624.0,1,23,462.08
17626.0,1,237,254.0
17627.0,1,113,296.36
17586.0,1,254,167.4
17587.0,1,263,176.71
17592.0,1,373,148.3
17598.0,1,16,409.98
17599.0,1,112,52.05
13628.0,1,311,310.14
13639.0,1,71,312.93
13640.0,1,246,405.0
15065.0,1,45,168.73
15022.0,1,312,281.05
15025.0,1,203,617.83
15029.0,1,254,365.1
15040.0,1,176,7.49
15041.0,1,79,109.47
13683.0,1,92,258.6
14997.0,1,290,230.4
14999.0,1,227,129.48000000000002
15006.0,1,88,277.4
12652.0,1,69,97.05000000000001
12653.0,1,161,1950.98
12655.0,1,58,261.35
17648.0,1,20,418.87
17617.0,1,193,385.19
15042.0,1,230,179.52
15048.0,1,3,98.7
15056.0,1,155,113.64999999999999
15018.0,1,2,111.25
15020.0,1,14,198.47
13651.0,1,16,132.65
13653.0,1,122,152.2
14983.0,1,324,183.20000000000002
14989.0,1,296,342.4
14991.0,1,65,314.67
14495.0,1,294,51.0
14497.0,1,308,221.69
14022.0,1,121,352.15000000000003
14024.0,1,25,318.04
14033.0,1,190,109.44
17674.0,1,3,300.66
17678.0,1,238,301.65
12636.0,1,373,141.0
12638.0,1,274,249.8
13669.0,1,42,195.0
13671.0,1,29,172.6
13672.0,1,365,233.53000000000003
13674.0,1,67,240.68
14993.0,1,198,36.13
13660.0,1,35,306.64
13661.0,1,238,325.24
14943.0,1,298,107.62
14945.0,1,48,179.4
17657.0,1,65,126.0
17660.0,1,372,163.47
17665.0,1,128,563.1
14137.0,1,330,332.7
14144.0,1,121,30.599999999999998
14018.0,1,280,367.15000000000003
14977.0,1,360,31.929999999999996
14979.0,1,370,429.66
14980.0,1,372,150.68
14981.0,1,58,270.8
14982.0,1,207,237.78
14920.0,1,200,629.4
14927.0,1,31,308.2
14928.0,1,262,223.91000000000003
17721.0,1,294,307.21000000000004
12606.0,1,317,21.0
12608.0,1,39,415.79
12616.0,1,23,417.8
12619.0,1,195,140.14
17687.0,1,55,432.68
17688.0,1,28,304.2
14468.0,1,368,204.24
14470.0,1,65,250.85
14472.0,1,324,266.05
14474.0,1,214,711.23
14475.0,1,43,225.3
14992.0,1,77,210.5
13695.0,1,212,266.6
13699.0,1,185,455.57
17729.0,1,231,438.65000000000003
17703.0,1,53,296.1
17710.0,1,58,293.5
17715.0,1,227,163.2
17717.0,1,56,376.92
17718.0,1,279,299.83
14954.0,1,338,167.27
14955.0,1,367,163.77
14956.0,1,56,1325.0
14957.0,1,279,203.2
14968.0,1,93,353.65
14969.0,1,338,906.23
14972.0,1,16,30.300000000000004
14975.0,1,56,192.45
14899.0,1,30,1331.38
14900.0,1,157,13.919999999999998
14906.0,1,80,68.44
14908.0,1,98,104.10000000000001
17762.0,1,91,129.75
17765.0,1,83,156.37
17723.0,1,10,102.0
12580.0,1,211,637.2
12595.0,1,139,299.02
12601.0,1,39,104.19999999999999
14929.0,1,56,612.8100000000001
14935.0,1,254,1065.12
14941.0,1,213,182.1
13688.0,1,270,375.5
13689.0,1,79,349.5
13691.0,1,31,212.78
14884.0,1,304,120.6
17783.0,1,147,93.49
17784.0,1,185,112.86
17787.0,1,6,736.28
17789.0,1,296,171.25
12543.0,1,83,980.25
17743.0,1,83,229.2
17744.0,1,15,326.74
17748.0,1,162,358.15
17749.0,1,181,351.66
17751.0,1,56,157.85999999999999
13701.0,1,81,161.0
13702.0,1,80,135.18
14919.0,1,174,359.35
14892.0,1,325,202.35000000000002
14893.0,1,252,571.76
12554.0,1,83,468.5
12555.0,1,317,129.23
12563.0,1,43,249.24
12568.0,1,279,70.0
12570.0,1,317,77.52
17798.0,1,216,178.07
17767.0,1,45,141.85
17772.0,1,27,187.3
17778.0,1,296,197.70000000000002
13687.0,1,73,11880.84
14858.0,1,140,180.75
14859.0,1,189,351.9
14873.0,1,268,334.45
14874.0,1,170,116.18
14875.0,1,76,1397.08
14879.0,1,319,185.06
14843.0,1,71,211.79999999999998
14845.0,1,234,150.0
14846.0,1,62,437.4
14848.0,1,39,310.56
13703.0,1,50,326.06
13706.0,1,261,300.38
13712.0,1,245,537.58
13714.0,1,100,161.35
13721.0,1,30,217.39999999999998
14084.0,1,147,150.5
14086.0,1,97,39.95
14094.0,1,74,311.77
17818.0,1,372,124.78
17820.0,1,9,180.60999999999999
17821.0,1,41,334.62
12547.0,1,135,175.78
14812.0,1,233,178.85
14814.0,1,216,154.21
14822.0,1,120,157.70000000000002
14827.0,1,300,0.0
14832.0,1,265,322.69
14526.0,1,24,258.65
14531.0,1,114,376.34
14537.0,1,258,285.84000000000003
17855.0,1,7,208.97
17803.0,1,27,184.66
17805.0,1,245,414.72
17815.0,1,28,591.96
14106.0,1,372,214.79999999999998
14079.0,1,317,243.63
14082.0,1,27,231.10999999999999
14840.0,1,174,299.86
12537.0,1,43,732.94
12538.0,1,13,276.5
17826.0,1,9,133.34
17827.0,1,256,388.84
17833.0,1,358,338.46000000000004
17840.0,1,78,175.9
17842.0,1,237,430.69
17843.0,1,46,114.92
14491.0,1,7,127.2
13859.0,1,164,314.7
13862.0,1,24,346.73
13864.0,1,21,662.4000000000001
14833.0,1,133,94.8
14834.0,1,42,485.86
14806.0,1,74,110.03999999999999
14851.0,1,265,318.06
13724.0,1,272,213.01
13738.0,1,31,434.78000000000003
13739.0,1,162,75.3
13745.0,1,181,477.32
13746.0,1,48,176.69
14773.0,1,227,140.55
14774.0,1,163,241.45
14775.0,1,7,406.56
14777.0,1,38,307.56
14783.0,1,294,307.3
17902.0,1,181,216.39999999999998
12511.0,1,63,3084.02
12514.0,1,276,580.08
12519.0,1,111,385.7
12529.0,1,163,316.48
12531.0,1,321,1807.98
17903.0,1,29,381.09000000000003
12485.0,1,164,708.1
12486.0,1,66,1037.28
12487.0,1,365,285.29999999999995
12492.0,1,38,452.0
12495.0,1,275,357.4
12499.0,1,195,393.72
12503.0,1,219,1126.0
12505.0,1,43,955.2
12507.0,1,219,539.25
17907.0,1,275,291.76
17909.0,1,372,110.05
17868.0,1,21,227.15
17872.0,1,16,235.87
17875.0,1,323,167.1
14811.0,1,22,170.5
14787.0,1,106,110.65
14788.0,1,231,476.88
14791.0,1,241,303.63
14793.0,1,170,396.91
14797.0,1,142,300.31
14799.0,1,372,180.45
14761.0,1,79,192.02
13752.0,1,162,404.45000000000005
13754.0,1,72,164.45000000000002
13757.0,1,309,195.55
17925.0,1,7,244.08
17927.0,1,356,294.0
17928.0,1,206,128.7
17933.0,1,267,114.69
17934.0,1,41,344.90000000000003
17938.0,1,55,144.29
14737.0,1,35,2389.62
14742.0,1,70,579.85
14743.0,1,227,50.48
14749.0,1,114,310.15
14750.0,1,371,112.03
12470.0,1,324,211.95
12475.0,1,44,426.26
17953.0,1,175,159.17000000000002
17958.0,1,363,465.42
17910.0,1,361,261.7
17912.0,1,10,64.49
17915.0,1,186,225.78
17919.0,1,73,536.28
17922.0,1,178,170.4
14784.0,1,24,159.94
14786.0,1,185,90.96
14724.0,1,225,341.9
14726.0,1,289,116.5
17971.0,1,183,161.94
17976.0,1,7,321.79
17977.0,1,35,1223.31
17980.0,1,28,201.27
17981.0,1,45,239.12
17982.0,1,315,138.18
17983.0,1,30,171.71
17944.0,1,58,74.99
12466.0,1,317,56.73
12467.0,1,58,132.8
13765.0,1,288,352.821
13766.0,1,130,190.35
14762.0,1,261,117.05000000000001
14767.0,1,109,382.81
14052.0,1,25,241.3
18000.0,1,199,124.25
18003.0,1,11,353.51
17959.0,1,227,140.75
17964.0,1,7,261.76
14728.0,1,48,190.58
13775.0,1,225,1049.66
13779.0,1,150,161.13
13780.0,1,42,372.06
14706.0,1,253,367.54
14753.0,1,95,306.36
14712.0,1,53,411.0
14716.0,1,79,235.77
14717.0,1,368,81.3
14718.0,1,45,226.42
14721.0,1,14,109.07
18034.0,1,10,335.52
17989.0,1,14,207.32999999999998
17991.0,1,226,206.95
17992.0,1,24,252.88
17993.0,1,252,225.99
14095.0,1,357,2.95
14103.0,1,300,0.0
14017.0,1,206,229.75
14042.0,1,360,431.98
14674.0,1,144,173.66
14675.0,1,23,419.22
14677.0,1,227,184.91
14678.0,1,214,403.39
14683.0,1,223,146.56
14544.0,1,105,934.23
14545.0,1,309,349.25
14521.0,1,126,199.45000000000002
14684.0,1,25,228.52
14694.0,1,252,244.31
13788.0,1,140,3.75
13789.0,1,23,239.45999999999998
13792.0,1,57,188.4
13793.0,1,281,96.0
12460.0,1,91,326.65
18038.0,1,191,141.48
18007.0,1,27,215.22
18012.0,1,358,115.3
18017.0,1,66,165.0
18020.0,1,178,190.48000000000002
18028.0,1,218,192.05
18029.0,1,277,433.77
18031.0,1,13,451.3
18056.0,1,253,190.95
12441.0,1,1,173.55
12443.0,1,367,485.31
12445.0,1,55,301.58000000000004
12457.0,1,70,632.68
12459.0,1,240,454.36
13794.0,1,181,126.03
13796.0,1,134,289.7
14668.0,1,80,111.63
14670.0,1,367,190.47
14635.0,1,88,215.22
14637.0,1,312,106.67999999999999
14645.0,1,269,279.8
14647.0,1,158,270.0
14509.0,1,169,110.95
14516.0,1,151,151.17
14612.0,1,50,877.7
14613.0,1,315,76.32000000000001
14614.0,1,21,295.13
14619.0,1,176,896.8000000000001
14627.0,1,14,462.75
12427.0,1,6,303.5
12434.0,1,16,297.29
18076.0,1,15,151.49
18079.0,1,126,590.78
18042.0,1,176,116.1
18043.0,1,1,287.91
18046.0,1,284,189.63
18048.0,1,128,222.64
18050.0,1,28,337.66
18052.0,1,199,10877.18
18054.0,1,27,176.5
13829.0,1,56,102.0
13830.0,1,216,156.85000000000002
13832.0,1,57,557.6899999999999
13833.0,1,39,316.56
14600.0,1,28,471.84000000000003
14602.0,1,291,205.35999999999999
14604.0,1,268,143.85999999999999
18103.0,1,184,105.8
18107.0,1,77,165.88
18110.0,1,46,193.48000000000002
18070.0,1,304,314.1
12416.0,1,291,202.56
12425.0,1,83,964.21
12426.0,1,297,762.48
14650.0,1,223,62.5
14654.0,1,373,246.86
18123.0,1,148,92.2
18124.0,1,107,102.65
18127.0,1,38,209.05
18128.0,1,172,399.29
18131.0,1,266,222.95999999999998
18132.0,1,139,220.13
18140.0,1,108,536.41
18083.0,1,32,463.53
18089.0,1,81,428.45
18090.0,1,56,321.9
18091.0,1,228,360.85
18098.0,1,31,527.94
18100.0,1,185,451.56
14630.0,1,119,338.65
13814.0,1,162,678.2
13818.0,1,64,61.28
14594.0,1,8,255.0
14570.0,1,78,395.69
14571.0,1,60,160.0
14574.0,1,367,143.70000000000002
14575.0,1,123,420.22
18157.0,1,206,213.9
18160.0,1,21,365.82
18161.0,1,14,184.41
18162.0,1,367,371.51
18163.0,1,219,728.84
18166.0,1,258,175.5
18173.0,1,247,589.52
18111.0,1,224,405.85
18113.0,1,3,76.32000000000001
18115.0,1,332,9.700000000000001
18119.0,1,2,180.7
18182.0,1,98,291.13
18186.0,1,357,329.58
18187.0,1,266,724.89
18189.0,1,260,313.49
18191.0,1,112,321.59999999999997
12396.0,1,309,931.43
18148.0,1,281,112.85000000000001
18152.0,1,281,426.69
18153.0,1,294,246.22
18156.0,1,4,186.88
14576.0,1,7,35.400000000000006
14579.0,1,67,105.56
14580.0,1,153,14.850000000000001
14581.0,1,179,271.05
14588.0,1,213,135.39
14589.0,1,6,39.75
13840.0,1,51,651.4
13843.0,1,16,319.75
13846.0,1,34,442.73
13847.0,1,354,310.72
13852.0,1,245,187.35000000000002
14596.0,1,261,222.22000000000003
14598.0,1,204,162.07
14559.0,1,25,75.6
12410.0,1,137,320.38
12411.0,1,44,346.9
12413.0,1,37,241.35
18195.0,1,22,101.16
18197.0,1,210,230.1
18199.0,1,318,344.75
18174.0,1,238,58.5
18175.0,1,310,176.1
18270.0,1,67,161.4
18206.0,1,188,314.65999999999997
18207.0,1,134,544.47
18208.0,1,200,360.08
18210.0,1,17,147.45
18212.0,1,312,298.3
14070.0,1,319,321.6
14072.0,1,301,390.85
14074.0,1,258,219.39999999999998
14077.0,1,30,115.66
14565.0,1,108,760.1
14568.0,1,70,919.7
12348.0,1,73,222.16
18278.0,1,39,240.3
18279.0,1,154,231.33999999999997
18280.0,1,29,307.55
16299.0,1,112,193.65
16301.0,1,371,107.33
16304.0,1,329,381.66
16343.0,1,42,285.54
16345.0,1,118,613.33
16346.0,1,20,224.51
16348.0,1,65,328.77
16355.0,1,10,416.35
16315.0,1,171,176.34
13143.0,1,219,405.1
13144.0,1,66,24.4
12351.0,1,10,300.93
18264.0,1,133,603.25
18266.0,1,69,251.1
18267.0,1,307,269.37
18269.0,1,1,168.6
